school,major,year,min_rank,subject_req
北京大学,201组：理工类核心专业 (通常含计算机、电子、自动化、经管等),2024,32,物理+化学
中国人民大学,201组：理工类核心专业 (通常含计算机、电子、自动化、经管等),2024,150,物理+化学
中国人民大学,专业组:205 (请在招生目录中核对具体方向),2024,53,见招生目录
清华大学,201组：理工类核心专业 (通常含计算机、电子、自动化、经管等),2024,19,物理+化学
北京交通大学,201组：理工类核心专业 (通常含计算机、电子、自动化、经管等),2024,3847,物理+化学
北京航空航天大学,专业组:院201 (请在招生目录中核对具体方向),2024,818,见招生目录
北京理工大学,201组：理工类核心专业 (通常含计算机、电子、自动化、经管等),2024,1765,物理+化学
北京科技大学,201组：理工类核心专业 (通常含计算机、电子、自动化、经管等),2024,3913,物理+化学
北京科技大学,203组：特色/医学/实验班/地方专项,2024,3469,见招生目录
北京化工大学,201组：理工类核心专业 (通常含计算机、电子、自动化、经管等),2024,6981,物理+化学
考北京服装学院,201组：理工类核心专业 (通常含计算机、电子、自动化、经管等),2024,31068,物理+化学
北京印刷学院,201组：理工类核心专业 (通常含计算机、电子、自动化、经管等),2024,22341,物理+化学
中国农业大学(中外合作办学),201组：理工类核心专业 (通常含计算机、电子、自动化、经管等),2024,5770,物理+化学
育北京林业大学,201组：理工类核心专业 (通常含计算机、电子、自动化、经管等),2024,7382,物理+化学
北京林业大学,202组：文理兼收/社科类 (通常含法学、外国语、教育等),2024,6292,见招生目录
北京林业大学,专业组:205 (请在招生目录中核对具体方向),2024,7111,见招生目录
教北京林业大学,专业组:206 (请在招生目录中核对具体方向),2024,6282,见招生目录
北京中医药大学,201组：理工类核心专业 (通常含计算机、电子、自动化、经管等),2024,5882,物理+化学
北京师范大学,201组：理工类核心专业 (通常含计算机、电子、自动化、经管等),2024,378,物理+化学
省北京师范大学,专业组:211 (请在招生目录中核对具体方向),2024,920,见招生目录
首都师范大学,202组：文理兼收/社科类 (通常含法学、外国语、教育等),2024,5545,见招生目录
首都体育学院,201组：理工类核心专业 (通常含计算机、电子、自动化、经管等),2024,27237,物理+化学
北京外国语大学,201组：理工类核心专业 (通常含计算机、电子、自动化、经管等),2024,1282,物理+化学
北京外国语大学,202组：文理兼收/社科类 (通常含法学、外国语、教育等),2024,2497,见招生目录
北京外国语大学,专业组:育203 (请在招生目录中核对具体方向),2024,2229,见招生目录
北京第二外国语学院,201组：理工类核心专业 (通常含计算机、电子、自动化、经管等),2024,8079,物理+化学
北京第二外国语学院,202组：文理兼收/社科类 (通常含法学、外国语、教育等),2024,13173,见招生目录
北京第二外国语学院,专业组:教203 (请在招生目录中核对具体方向),2024,7462,见招生目录
北京语言大学,201组：理工类核心专业 (通常含计算机、电子、自动化、经管等),2024,8625,物理+化学
省中国传媒大学,202组：文理兼收/社科类 (通常含法学、外国语、教育等),2024,3381,见招生目录
中国传媒大学(中外合作办学),203组：特色/医学/实验班/地方专项,2024,4345,见招生目录
中央财经大学,201组：理工类核心专业 (通常含计算机、电子、自动化、经管等),2024,2019,物理+化学
对外经济贸易大学,202组：文理兼收/社科类 (通常含法学、外国语、教育等),2024,2385,见招生目录
广北京物资学院,201组：理工类核心专业 (通常含计算机、电子、自动化、经管等),2024,21577,物理+化学
首都经济贸易大学,201组：理工类核心专业 (通常含计算机、电子、自动化、经管等),2024,8355,物理+化学
北京体育大学,201组：理工类核心专业 (通常含计算机、电子、自动化、经管等),2024,7703,物理+化学
北京体育大学,202组：文理兼收/社科类 (通常含法学、外国语、教育等),2024,7733,见招生目录
北京体育大学(中外合作办学),203组：特色/医学/实验班/地方专项,2024,27258,见招生目录
中国音乐学院,201组：理工类核心专业 (通常含计算机、电子、自动化、经管等),2024,9685,物理+化学
中央美术学院,201组：理工类核心专业 (通常含计算机、电子、自动化、经管等),2024,5966,物理+化学
中央美术学院(中外合作办学),202组：文理兼收/社科类 (通常含法学、外国语、教育等),2024,8599,见招生目录
中央戏剧学院,201组：理工类核心专业 (通常含计算机、电子、自动化、经管等),2024,9875,物理+化学
中国戏曲学院,201组：理工类核心专业 (通常含计算机、电子、自动化、经管等),2024,12450,物理+化学
中国戏曲学院,202组：文理兼收/社科类 (通常含法学、外国语、教育等),2024,12004,见招生目录
北京电影学院,专业组:广201 (请在招生目录中核对具体方向),2024,6279,见招生目录
北京电影学院,204组：特色/医学/实验班/地方专项,2024,6346,见招生目录
北京电影学院,专业组:205 (请在招生目录中核对具体方向),2024,7270,见招生目录
北京电影学院,专业组:206 (请在招生目录中核对具体方向),2024,7904,见招生目录
北京电影学院,专业组:207 (请在招生目录中核对具体方向),2024,4890,见招生目录
北京电影学院,专业组:208 (请在招生目录中核对具体方向),2024,7895,见招生目录
中央民族大学,202组：文理兼收/社科类 (通常含法学、外国语、教育等),2024,2938,见招生目录
中国政法大学,201组：理工类核心专业 (通常含计算机、电子、自动化、经管等),2024,1773,物理+化学
中国政法大学,202组：文理兼收/社科类 (通常含法学、外国语、教育等),2024,2361,见招生目录
中国政法大学,203组：特色/医学/实验班/地方专项,2024,2297,见招生目录
中国政法大学,204组：特色/医学/实验班/地方专项,2024,2094,见招生目录
华北电力大学(北京),202组：文理兼收/社科类 (通常含法学、外国语、教育等),2024,6457,见招生目录
南开大学,201组：理工类核心专业 (通常含计算机、电子、自动化、经管等),2024,711,物理+化学
天津大学,专业组:院201 (请在招生目录中核对具体方向),2024,2667,见招生目录
天津大学(中外合作办学),202组：文理兼收/社科类 (通常含法学、外国语、教育等),2024,3324,见招生目录
天津科技大学,201组：理工类核心专业 (通常含计算机、电子、自动化、经管等),2024,20950,物理+化学
天津工业大学,201组：理工类核心专业 (通常含计算机、电子、自动化、经管等),2024,26680,物理+化学
中国民航大学,201组：理工类核心专业 (通常含计算机、电子、自动化、经管等),2024,17008,物理+化学
考中国民航大学,204组：特色/医学/实验班/地方专项,2024,15088,见招生目录
天津中医药大学,201组：理工类核心专业 (通常含计算机、电子、自动化、经管等),2024,23107,物理+化学
天津中医药大学,202组：文理兼收/社科类 (通常含法学、外国语、教育等),2024,69157,见招生目录
育天津师范大学,201组：理工类核心专业 (通常含计算机、电子、自动化、经管等),2024,23368,物理+化学
天津师范大学,203组：特色/医学/实验班/地方专项,2024,28276,见招生目录
天津师范大学,204组：特色/医学/实验班/地方专项,2024,10806,见招生目录
教天津外国语大学,201组：理工类核心专业 (通常含计算机、电子、自动化、经管等),2024,22612,物理+化学
天津外国语大学,202组：文理兼收/社科类 (通常含法学、外国语、教育等),2024,24269,见招生目录
天津外国语大学,专业组:206 (请在招生目录中核对具体方向),2024,15839,见招生目录
省天津商业大学,201组：理工类核心专业 (通常含计算机、电子、自动化、经管等),2024,27949,物理+化学
天津商业大学,202组：文理兼收/社科类 (通常含法学、外国语、教育等),2024,29706,见招生目录
天津商业大学(中外合作办学),203组：特色/医学/实验班/地方专项,2024,33401,见招生目录
天津财经大学,201组：理工类核心专业 (通常含计算机、电子、自动化、经管等),2024,18636,物理+化学
天津财经大学(中外合作办学),202组：文理兼收/社科类 (通常含法学、外国语、教育等),2024,22900,见招生目录
天津体育学院,专业组:育201 (请在招生目录中核对具体方向),2024,39772,见招生目录
天津美术学院,201组：理工类核心专业 (通常含计算机、电子、自动化、经管等),2024,35405,物理+化学
河北地质大学,201组：理工类核心专业 (通常含计算机、电子、自动化、经管等),2024,34854,物理+化学
华北电力大学(保定),专业组:教202 (请在招生目录中核对具体方向),2024,8621,见招生目录
华北理工大学(中外合作办学),201组：理工类核心专业 (通常含计算机、电子、自动化、经管等),2024,42646,物理+化学
省华北理工大学,203组：特色/医学/实验班/地方专项,2024,35442,见招生目录
河北医科大学,201组：理工类核心专业 (通常含计算机、电子、自动化、经管等),2024,22948,物理+化学
衡水学院,201组：理工类核心专业 (通常含计算机、电子、自动化、经管等),2024,42335,物理+化学
邢台学院,201组：理工类核心专业 (通常含计算机、电子、自动化、经管等),2024,43361,物理+化学
广沧州师范学院,201组：理工类核心专业 (通常含计算机、电子、自动化、经管等),2024,42204,物理+化学
沧州师范学院,202组：文理兼收/社科类 (通常含法学、外国语、教育等),2024,41933,见招生目录
石家庄铁道大学,201组：理工类核心专业 (通常含计算机、电子、自动化、经管等),2024,32933,物理+化学
山西大学,201组：理工类核心专业 (通常含计算机、电子、自动化、经管等),2024,12083,物理+化学
中北大学,201组：理工类核心专业 (通常含计算机、电子、自动化、经管等),2024,29698,物理+化学
中北大学,202组：文理兼收/社科类 (通常含法学、外国语、教育等),2024,32530,见招生目录
山西农业大学,201组：理工类核心专业 (通常含计算机、电子、自动化、经管等),2024,40304,物理+化学
山西农业大学,202组：文理兼收/社科类 (通常含法学、外国语、教育等),2024,36978,见招生目录
山西师范大学,201组：理工类核心专业 (通常含计算机、电子、自动化、经管等),2024,25614,物理+化学
山西大同大学,201组：理工类核心专业 (通常含计算机、电子、自动化、经管等),2024,43498,物理+化学
山西财经大学,201组：理工类核心专业 (通常含计算机、电子、自动化、经管等),2024,34153,物理+化学
内蒙古大学,专业组:广201 (请在招生目录中核对具体方向),2024,15076,见招生目录
内蒙古大学,202组：文理兼收/社科类 (通常含法学、外国语、教育等),2024,14753,见招生目录
内蒙古大学,203组：特色/医学/实验班/地方专项,2024,15487,见招生目录
内蒙古大学,204组：特色/医学/实验班/地方专项,2024,17230,见招生目录
内蒙古科技大学,201组：理工类核心专业 (通常含计算机、电子、自动化、经管等),2024,43877,物理+化学
内蒙古科技大学,202组：文理兼收/社科类 (通常含法学、外国语、教育等),2024,42249,见招生目录
内蒙古农业大学,201组：理工类核心专业 (通常含计算机、电子、自动化、经管等),2024,43433,物理+化学
内蒙古师范大学,201组：理工类核心专业 (通常含计算机、电子、自动化、经管等),2024,38687,物理+化学
内蒙古民族大学,201组：理工类核心专业 (通常含计算机、电子、自动化、经管等),2024,44613,物理+化学
辽宁大学,201组：理工类核心专业 (通常含计算机、电子、自动化、经管等),2024,8920,物理+化学
辽宁大学(联合培养),202组：文理兼收/社科类 (通常含法学、外国语、教育等),2024,10445,见招生目录
辽宁大学,203组：特色/医学/实验班/地方专项,2024,10393,见招生目录
辽宁大学(联合培养),204组：特色/医学/实验班/地方专项,2024,16630,见招生目录
辽宁大学(中外合作办学),院205组：高收费/中外合作办学专业,2024,13990,见招生目录
辽宁大学(中外合作办学),206组：高收费/中外合作办学专业,2024,17999,见招生目录
辽宁大学(中外合作办学),207组：高收费/中外合作办学专业,2024,14307,见招生目录
辽宁大学(中外合作办学),209组：高收费/中外合作办学专业,2024,12828,见招生目录
辽宁大学(中外合作办学),210组：高收费/中外合作办学专业,2024,16623,见招生目录
考大连理工大学,201组：理工类核心专业 (通常含计算机、电子、自动化、经管等),2024,4705,物理+化学
沈阳工业大学,201组：理工类核心专业 (通常含计算机、电子、自动化、经管等),2024,35847,物理+化学
辽宁工程技术大学,201组：理工类核心专业 (通常含计算机、电子、自动化、经管等),2024,43867,物理+化学
育大连交通大学(中外合作办学),201组：理工类核心专业 (通常含计算机、电子、自动化、经管等),2024,39905,物理+化学
大连海事大学,201组：理工类核心专业 (通常含计算机、电子、自动化、经管等),2024,8629,物理+化学
大连海事大学(中外合作办学),202组：文理兼收/社科类 (通常含法学、外国语、教育等),2024,4338,见招生目录
教大连工业大学,201组：理工类核心专业 (通常含计算机、电子、自动化、经管等),2024,32708,物理+化学
大连工业大学,202组：文理兼收/社科类 (通常含法学、外国语、教育等),2024,45817,见招生目录
大连工业大学,203组：特色/医学/实验班/地方专项,2024,43743,见招生目录
省沈阳药科大学,201组：理工类核心专业 (通常含计算机、电子、自动化、经管等),2024,23921,物理+化学
辽宁师范大学(中外合作办学),201组：理工类核心专业 (通常含计算机、电子、自动化、经管等),2024,46817,物理+化学
沈阳师范大学(中外合作办学),201组：理工类核心专业 (通常含计算机、电子、自动化、经管等),2024,48666,物理+化学
渤海大学,201组：理工类核心专业 (通常含计算机、电子、自动化、经管等),2024,40524,物理+化学
渤海大学,202组：文理兼收/社科类 (通常含法学、外国语、教育等),2024,30067,见招生目录
鞍山师范学院,专业组:育201 (请在招生目录中核对具体方向),2024,43178,见招生目录
大连外国语大学,201组：理工类核心专业 (通常含计算机、电子、自动化、经管等),2024,15955,物理+化学
大连外国语大学,202组：文理兼收/社科类 (通常含法学、外国语、教育等),2024,23183,见招生目录
东北财经大学,专业组:教201 (请在招生目录中核对具体方向),2024,16349,见招生目录
东北财经大学,202组：文理兼收/社科类 (通常含法学、外国语、教育等),2024,8346,见招生目录
省东北财经大学(中外合作办学),204组：特色/医学/实验班/地方专项,2024,19796,见招生目录
东北财经大学(中外合作办学),205组：高收费/中外合作办学专业,2024,12717,见招生目录
东北财经大学(中外合作办学),207组：高收费/中外合作办学专业,2024,20018,见招生目录
东北财经大学(中外合作办学),208组：高收费/中外合作办学专业,2024,16134,见招生目录
广沈阳音乐学院,201组：理工类核心专业 (通常含计算机、电子、自动化、经管等),2024,42931,物理+化学
吉林大学,201组：理工类核心专业 (通常含计算机、电子、自动化、经管等),2024,3339,物理+化学
吉林大学,202组：文理兼收/社科类 (通常含法学、外国语、教育等),2024,2599,见招生目录
吉林大学,203组：特色/医学/实验班/地方专项,2024,2989,见招生目录
吉林大学,204组：特色/医学/实验班/地方专项,2024,2609,见招生目录
吉林大学,专业组:205 (请在招生目录中核对具体方向),2024,3350,见招生目录
吉林大学,专业组:217 (请在招生目录中核对具体方向),2024,765,见招生目录
延边大学,201组：理工类核心专业 (通常含计算机、电子、自动化、经管等),2024,25672,物理+化学
长春理工大学,201组：理工类核心专业 (通常含计算机、电子、自动化、经管等),2024,32862,物理+化学
长春理工大学,202组：文理兼收/社科类 (通常含法学、外国语、教育等),2024,39298,见招生目录
长春理工大学,203组：特色/医学/实验班/地方专项,2024,37909,见招生目录
东北电力大学,专业组:广201 (请在招生目录中核对具体方向),2024,27762,见招生目录
东北师范大学,201组：理工类核心专业 (通常含计算机、电子、自动化、经管等),2024,3458,物理+化学
东北师范大学,202组：文理兼收/社科类 (通常含法学、外国语、教育等),2024,5010,见招生目录
东北师范大学,203组：特色/医学/实验班/地方专项,2024,2747,见招生目录
东北师范大学,专业组:210 (请在招生目录中核对具体方向),2024,5022,见招生目录
北华大学,201组：理工类核心专业 (通常含计算机、电子、自动化、经管等),2024,38886,物理+化学
北华大学,202组：文理兼收/社科类 (通常含法学、外国语、教育等),2024,40454,见招生目录
吉林师范大学,201组：理工类核心专业 (通常含计算机、电子、自动化、经管等),2024,36103,物理+化学
吉林师范大学,202组：文理兼收/社科类 (通常含法学、外国语、教育等),2024,22280,见招生目录
长春师范大学,201组：理工类核心专业 (通常含计算机、电子、自动化、经管等),2024,39261,物理+化学
长春师范大学,202组：文理兼收/社科类 (通常含法学、外国语、教育等),2024,26988,见招生目录
吉林财经大学,201组：理工类核心专业 (通常含计算机、电子、自动化、经管等),2024,28916,物理+化学
吉林财经大学,203组：特色/医学/实验班/地方专项,2024,27390,见招生目录
吉林财经大学(中外合作办学),院204组：高收费/中外合作办学专业,2024,34544,见招生目录
黑龙江大学,201组：理工类核心专业 (通常含计算机、电子、自动化、经管等),2024,35923,物理+化学
哈尔滨理工大学,201组：理工类核心专业 (通常含计算机、电子、自动化、经管等),2024,39165,物理+化学
燕山大学,201组：理工类核心专业 (通常含计算机、电子、自动化、经管等),2024,26548,物理+化学
燕山大学,202组：文理兼收/社科类 (通常含法学、外国语、教育等),2024,19453,见招生目录
考哈尔滨工程大学,201组：理工类核心专业 (通常含计算机、电子、自动化、经管等),2024,7319,物理+化学
黑龙江科技大学,201组：理工类核心专业 (通常含计算机、电子、自动化、经管等),2024,42777,物理+化学
黑龙江科技大学,202组：文理兼收/社科类 (通常含法学、外国语、教育等),2024,42981,见招生目录
育黑龙江科技大学,203组：特色/医学/实验班/地方专项,2024,39793,见招生目录
东北石油大学,201组：理工类核心专业 (通常含计算机、电子、自动化、经管等),2024,25348,物理+化学
东北石油大学,202组：文理兼收/社科类 (通常含法学、外国语、教育等),2024,34802,见招生目录
教佳木斯大学,201组：理工类核心专业 (通常含计算机、电子、自动化、经管等),2024,44211,物理+化学
佳木斯大学,202组：文理兼收/社科类 (通常含法学、外国语、教育等),2024,38877,见招生目录
东北农业大学,201组：理工类核心专业 (通常含计算机、电子、自动化、经管等),2024,9793,物理+化学
省东北农业大学,202组：文理兼收/社科类 (通常含法学、外国语、教育等),2024,12452,见招生目录
东北农业大学(中外合作办学),203组：特色/医学/实验班/地方专项,2024,17196,见招生目录
东北林业大学,201组：理工类核心专业 (通常含计算机、电子、自动化、经管等),2024,11919,物理+化学
哈尔滨师范大学,201组：理工类核心专业 (通常含计算机、电子、自动化、经管等),2024,26277,物理+化学
哈尔滨师范大学,202组：文理兼收/社科类 (通常含法学、外国语、教育等),2024,40529,见招生目录
哈尔滨师范大学,专业组:育203 (请在招生目录中核对具体方向),2024,17982,见招生目录
齐齐哈尔大学,201组：理工类核心专业 (通常含计算机、电子、自动化、经管等),2024,43629,物理+化学
齐齐哈尔大学,202组：文理兼收/社科类 (通常含法学、外国语、教育等),2024,43126,见招生目录
齐齐哈尔大学,专业组:教203 (请在招生目录中核对具体方向),2024,43388,见招生目录
牡丹江师范学院,201组：理工类核心专业 (通常含计算机、电子、自动化、经管等),2024,44219,物理+化学
省哈尔滨学院,201组：理工类核心专业 (通常含计算机、电子、自动化、经管等),2024,43663,物理+化学
哈尔滨学院,202组：文理兼收/社科类 (通常含法学、外国语、教育等),2024,43214,见招生目录
哈尔滨商业大学,201组：理工类核心专业 (通常含计算机、电子、自动化、经管等),2024,45385,物理+化学
哈尔滨商业大学,202组：文理兼收/社科类 (通常含法学、外国语、教育等),2024,39063,见招生目录
广哈尔滨体育学院,201组：理工类核心专业 (通常含计算机、电子、自动化、经管等),2024,45247,物理+化学
哈尔滨体育学院,202组：文理兼收/社科类 (通常含法学、外国语、教育等),2024,44523,见招生目录
哈尔滨金融学院,201组：理工类核心专业 (通常含计算机、电子、自动化、经管等),2024,44765,物理+化学
复旦大学,201组：理工类核心专业 (通常含计算机、电子、自动化、经管等),2024,69,物理+化学
复旦大学,202组：文理兼收/社科类 (通常含法学、外国语、教育等),2024,113,见招生目录
同济大学,201组：理工类核心专业 (通常含计算机、电子、自动化、经管等),2024,568,物理+化学
上海交通大学,201组：理工类核心专业 (通常含计算机、电子、自动化、经管等),2024,68,物理+化学
华东理工大学,201组：理工类核心专业 (通常含计算机、电子、自动化、经管等),2024,4815,物理+化学
上海理工大学,201组：理工类核心专业 (通常含计算机、电子、自动化、经管等),2024,9729,物理+化学
上海理工大学(中外合作办学),202组：文理兼收/社科类 (通常含法学、外国语、教育等),2024,18742,见招生目录
上海海事大学,201组：理工类核心专业 (通常含计算机、电子、自动化、经管等),2024,15665,物理+化学
东华大学,专业组:广201 (请在招生目录中核对具体方向),2024,4677,见招生目录
上海海洋大学,201组：理工类核心专业 (通常含计算机、电子、自动化、经管等),2024,13080,物理+化学
上海海洋大学(中外合作办学),202组：文理兼收/社科类 (通常含法学、外国语、教育等),2024,22457,见招生目录
华东师范大学,201组：理工类核心专业 (通常含计算机、电子、自动化、经管等),2024,1760,物理+化学
上海师范大学(中外合作办学),201组：理工类核心专业 (通常含计算机、电子、自动化、经管等),2024,13954,物理+化学
上海外国语大学,201组：理工类核心专业 (通常含计算机、电子、自动化、经管等),2024,2792,物理+化学
上海外国语大学(中外合作办学),202组：文理兼收/社科类 (通常含法学、外国语、教育等),2024,3252,见招生目录
上海外国语大学,203组：特色/医学/实验班/地方专项,2024,1629,见招生目录
上海财经大学,201组：理工类核心专业 (通常含计算机、电子、自动化、经管等),2024,2441,物理+化学
上海财经大学,202组：文理兼收/社科类 (通常含法学、外国语、教育等),2024,1659,见招生目录
上海海关学院,201组：理工类核心专业 (通常含计算机、电子、自动化、经管等),2024,14385,物理+化学
华东政法大学,201组：理工类核心专业 (通常含计算机、电子、自动化、经管等),2024,2429,物理+化学
上海体育大学,201组：理工类核心专业 (通常含计算机、电子、自动化、经管等),2024,12973,物理+化学
上海音乐学院,专业组:院201 (请在招生目录中核对具体方向),2024,11225,见招生目录
上海戏剧学院,201组：理工类核心专业 (通常含计算机、电子、自动化、经管等),2024,10922,物理+化学
南京大学,201组：理工类核心专业 (通常含计算机、电子、自动化、经管等),2024,249,物理+化学
苏州大学,202组：文理兼收/社科类 (通常含法学、外国语、教育等),2024,3468,见招生目录
苏州大学,203组：特色/医学/实验班/地方专项,2024,3594,见招生目录
考苏州大学,204组：特色/医学/实验班/地方专项,2024,3066,见招生目录
东南大学,201组：理工类核心专业 (通常含计算机、电子、自动化、经管等),2024,1308,物理+化学
南京理工大学,201组：理工类核心专业 (通常含计算机、电子、自动化、经管等),2024,7479,物理+化学
育江苏科技大学,201组：理工类核心专业 (通常含计算机、电子、自动化、经管等),2024,28095,物理+化学
中国矿业大学,201组：理工类核心专业 (通常含计算机、电子、自动化、经管等),2024,7418,物理+化学
南京工业大学,201组：理工类核心专业 (通常含计算机、电子、自动化、经管等),2024,20066,物理+化学
教常州大学,201组：理工类核心专业 (通常含计算机、电子、自动化、经管等),2024,26430,物理+化学
河海大学,203组：特色/医学/实验班/地方专项,2024,6536,见招生目录
江南大学,201组：理工类核心专业 (通常含计算机、电子、自动化、经管等),2024,6445,物理+化学
省江南大学,202组：文理兼收/社科类 (通常含法学、外国语、教育等),2024,8066,见招生目录
江南大学(中外合作办学),203组：特色/医学/实验班/地方专项,2024,7380,见招生目录
南京林业大学,201组：理工类核心专业 (通常含计算机、电子、自动化、经管等),2024,11450,物理+化学
南京林业大学,202组：文理兼收/社科类 (通常含法学、外国语、教育等),2024,10721,见招生目录
江苏大学,201组：理工类核心专业 (通常含计算机、电子、自动化、经管等),2024,7925,物理+化学
南京信息工程大学,专业组:育201 (请在招生目录中核对具体方向),2024,11136,见招生目录
南京信息工程大学,202组：文理兼收/社科类 (通常含法学、外国语、教育等),2024,17438,见招生目录
南京信息工程大学,203组：特色/医学/实验班/地方专项,2024,10410,见招生目录
南通大学,专业组:教201 (请在招生目录中核对具体方向),2024,20337,见招生目录
南通大学,202组：文理兼收/社科类 (通常含法学、外国语、教育等),2024,22199,见招生目录
省南通大学,204组：特色/医学/实验班/地方专项,2024,17544,见招生目录
南京农业大学,201组：理工类核心专业 (通常含计算机、电子、自动化、经管等),2024,7618,物理+化学
中国药科大学,201组：理工类核心专业 (通常含计算机、电子、自动化、经管等),2024,6823,物理+化学
南京师范大学,201组：理工类核心专业 (通常含计算机、电子、自动化、经管等),2024,4714,物理+化学
广江苏师范大学,201组：理工类核心专业 (通常含计算机、电子、自动化、经管等),2024,23749,物理+化学
江苏师范大学,202组：文理兼收/社科类 (通常含法学、外国语、教育等),2024,24790,见招生目录
江苏师范大学,203组：特色/医学/实验班/地方专项,2024,23521,见招生目录
江苏师范大学,204组：特色/医学/实验班/地方专项,2024,24842,见招生目录
盐城师范学院,201组：理工类核心专业 (通常含计算机、电子、自动化、经管等),2024,21455,物理+化学
南京财经大学,203组：特色/医学/实验班/地方专项,2024,18216,见招生目录
南京艺术学院,201组：理工类核心专业 (通常含计算机、电子、自动化、经管等),2024,23946,物理+化学
苏州科技大学,201组：理工类核心专业 (通常含计算机、电子、自动化、经管等),2024,22286,物理+化学
浙江大学,201组：理工类核心专业 (通常含计算机、电子、自动化、经管等),2024,271,物理+化学
杭州电子科技大学,201组：理工类核心专业 (通常含计算机、电子、自动化、经管等),2024,20061,物理+化学
浙江理工大学,201组：理工类核心专业 (通常含计算机、电子、自动化、经管等),2024,20628,物理+化学
浙江农林大学,专业组:广201 (请在招生目录中核对具体方向),2024,24122,见招生目录
浙江中医药大学,201组：理工类核心专业 (通常含计算机、电子、自动化、经管等),2024,22785,物理+化学
浙江中医药大学,202组：文理兼收/社科类 (通常含法学、外国语、教育等),2024,23362,见招生目录
浙江中医药大学,203组：特色/医学/实验班/地方专项,2024,34634,见招生目录
浙江师范大学,201组：理工类核心专业 (通常含计算机、电子、自动化、经管等),2024,20091,物理+化学
浙江师范大学,202组：文理兼收/社科类 (通常含法学、外国语、教育等),2024,28517,见招生目录
浙江师范大学,203组：特色/医学/实验班/地方专项,2024,17029,见招生目录
浙江师范大学,204组：特色/医学/实验班/地方专项,2024,7792,见招生目录
浙江师范大学(中外合作办学),205组：高收费/中外合作办学专业,2024,22918,见招生目录
杭州师范大学,201组：理工类核心专业 (通常含计算机、电子、自动化、经管等),2024,20819,物理+化学
湖州师范学院,201组：理工类核心专业 (通常含计算机、电子、自动化、经管等),2024,25440,物理+化学
绍兴文理学院,201组：理工类核心专业 (通常含计算机、电子、自动化、经管等),2024,33875,物理+化学
温州大学,201组：理工类核心专业 (通常含计算机、电子、自动化、经管等),2024,18913,物理+化学
温州大学,专业组:院202 (请在招生目录中核对具体方向),2024,24986,见招生目录
温州大学,203组：特色/医学/实验班/地方专项,2024,21871,见招生目录
浙江工商大学,201组：理工类核心专业 (通常含计算机、电子、自动化、经管等),2024,17977,物理+化学
中国美术学院,201组：理工类核心专业 (通常含计算机、电子、自动化、经管等),2024,20680,物理+化学
中国美术学院,204组：特色/医学/实验班/地方专项,2024,13218,见招生目录
考安徽大学,201组：理工类核心专业 (通常含计算机、电子、自动化、经管等),2024,8777,物理+化学
合肥工业大学,201组：理工类核心专业 (通常含计算机、电子、自动化、经管等),2024,8441,物理+化学
合肥工业大学,202组：文理兼收/社科类 (通常含法学、外国语、教育等),2024,5973,见招生目录
育安徽工业大学,201组：理工类核心专业 (通常含计算机、电子、自动化、经管等),2024,28661,物理+化学
安徽农业大学,201组：理工类核心专业 (通常含计算机、电子、自动化、经管等),2024,28639,物理+化学
安徽师范大学,201组：理工类核心专业 (通常含计算机、电子、自动化、经管等),2024,16711,物理+化学
教安庆师范大学,201组：理工类核心专业 (通常含计算机、电子、自动化、经管等),2024,40093,物理+化学
淮北师范大学,201组：理工类核心专业 (通常含计算机、电子、自动化、经管等),2024,18767,物理+化学
淮北师范大学,202组：文理兼收/社科类 (通常含法学、外国语、教育等),2024,32015,见招生目录
省淮北师范大学,203组：特色/医学/实验班/地方专项,2024,24479,见招生目录
滁州学院,201组：理工类核心专业 (通常含计算机、电子、自动化、经管等),2024,42618,物理+化学
滁州学院,202组：文理兼收/社科类 (通常含法学、外国语、教育等),2024,42631,见招生目录
安徽财经大学,201组：理工类核心专业 (通常含计算机、电子、自动化、经管等),2024,25893,物理+化学
安徽财经大学,202组：文理兼收/社科类 (通常含法学、外国语、教育等),2024,21546,见招生目录
铜陵学院,专业组:育201 (请在招生目录中核对具体方向),2024,45206,见招生目录
厦门大学,201组：理工类核心专业 (通常含计算机、电子、自动化、经管等),2024,1403,物理+化学
厦门大学,202组：文理兼收/社科类 (通常含法学、外国语、教育等),2024,558,见招生目录
厦门大学(马来西亚分校),专业组:教203 (请在招生目录中核对具体方向),2024,4367,见招生目录
华侨大学,201组：理工类核心专业 (通常含计算机、电子、自动化、经管等),2024,22407,物理+化学
省福州大学,201组：理工类核心专业 (通常含计算机、电子、自动化、经管等),2024,6585,物理+化学
福建理工大学,201组：理工类核心专业 (通常含计算机、电子、自动化、经管等),2024,19731,物理+化学
福建农林大学(中外合作办学),202组：文理兼收/社科类 (通常含法学、外国语、教育等),2024,40858,见招生目录
福建农林大学(中外合作办学),203组：特色/医学/实验班/地方专项,2024,52566,见招生目录
广集美大学,201组：理工类核心专业 (通常含计算机、电子、自动化、经管等),2024,21151,物理+化学
集美大学,202组：文理兼收/社科类 (通常含法学、外国语、教育等),2024,14316,见招生目录
福建师范大学,201组：理工类核心专业 (通常含计算机、电子、自动化、经管等),2024,8411,物理+化学
福建师范大学,202组：文理兼收/社科类 (通常含法学、外国语、教育等),2024,14681,见招生目录
福建师范大学,203组：特色/医学/实验班/地方专项,2024,8036,见招生目录
福建师范大学,204组：特色/医学/实验班/地方专项,2024,6008,见招生目录
福建师范大学(中外合作办学),205组：高收费/中外合作办学专业,2024,33224,见招生目录
闽江学院,201组：理工类核心专业 (通常含计算机、电子、自动化、经管等),2024,27121,物理+化学
武夷学院,201组：理工类核心专业 (通常含计算机、电子、自动化、经管等),2024,41586,物理+化学
泉州师范学院,201组：理工类核心专业 (通常含计算机、电子、自动化、经管等),2024,23246,物理+化学
泉州师范学院,202组：文理兼收/社科类 (通常含法学、外国语、教育等),2024,29707,见招生目录
南昌大学,专业组:广201 (请在招生目录中核对具体方向),2024,7605,见招生目录
南昌大学,202组：文理兼收/社科类 (通常含法学、外国语、教育等),2024,7727,见招生目录
华东交通大学,201组：理工类核心专业 (通常含计算机、电子、自动化、经管等),2024,22233,物理+化学
华东交通大学,202组：文理兼收/社科类 (通常含法学、外国语、教育等),2024,21622,见招生目录
华东交通大学(联合培养),203组：特色/医学/实验班/地方专项,2024,34491,见招生目录
东华理工大学(联合培养),201组：理工类核心专业 (通常含计算机、电子、自动化、经管等),2024,38132,物理+化学
东华理工大学,202组：文理兼收/社科类 (通常含法学、外国语、教育等),2024,31497,见招生目录
南昌航空大学,201组：理工类核心专业 (通常含计算机、电子、自动化、经管等),2024,27739,物理+化学
江西理工大学,201组：理工类核心专业 (通常含计算机、电子、自动化、经管等),2024,31686,物理+化学
江西理工大学,202组：文理兼收/社科类 (通常含法学、外国语、教育等),2024,27635,见招生目录
景德镇陶瓷大学,201组：理工类核心专业 (通常含计算机、电子、自动化、经管等),2024,22820,物理+化学
景德镇陶瓷大学,202组：文理兼收/社科类 (通常含法学、外国语、教育等),2024,31320,见招生目录
江西农业大学,202组：文理兼收/社科类 (通常含法学、外国语、教育等),2024,31970,见招生目录
江西中医药大学,专业组:院201 (请在招生目录中核对具体方向),2024,25377,见招生目录
江西师范大学,201组：理工类核心专业 (通常含计算机、电子、自动化、经管等),2024,11687,物理+化学
江西师范大学,202组：文理兼收/社科类 (通常含法学、外国语、教育等),2024,22781,见招生目录
江西师范大学,204组：特色/医学/实验班/地方专项,2024,6845,见招生目录
江西师范大学,专业组:212 (请在招生目录中核对具体方向),2024,27634,见招生目录
考上饶师范学院,201组：理工类核心专业 (通常含计算机、电子、自动化、经管等),2024,41638,物理+化学
上饶师范学院,202组：文理兼收/社科类 (通常含法学、外国语、教育等),2024,40149,见招生目录
上饶师范学院,203组：特色/医学/实验班/地方专项,2024,39824,见招生目录
育上饶师范学院,204组：特色/医学/实验班/地方专项,2024,39622,见招生目录
上饶师范学院,专业组:205 (请在招生目录中核对具体方向),2024,41346,见招生目录
上饶师范学院,专业组:206 (请在招生目录中核对具体方向),2024,42075,见招生目录
教上饶师范学院,专业组:207 (请在招生目录中核对具体方向),2024,38567,见招生目录
宜春学院,201组：理工类核心专业 (通常含计算机、电子、自动化、经管等),2024,41404,物理+化学
宜春学院,202组：文理兼收/社科类 (通常含法学、外国语、教育等),2024,43448,见招生目录
省宜春学院,203组：特色/医学/实验班/地方专项,2024,43225,见招生目录
赣南师范大学,201组：理工类核心专业 (通常含计算机、电子、自动化、经管等),2024,27397,物理+化学
赣南师范大学,202组：文理兼收/社科类 (通常含法学、外国语、教育等),2024,25295,见招生目录
赣南师范大学,203组：特色/医学/实验班/地方专项,2024,26393,见招生目录
赣南师范大学,204组：特色/医学/实验班/地方专项,2024,45534,见招生目录
赣南师范大学,专业组:育205 (请在招生目录中核对具体方向),2024,28841,见招生目录
赣南师范大学,专业组:206 (请在招生目录中核对具体方向),2024,20704,见招生目录
赣南师范大学,专业组:207 (请在招生目录中核对具体方向),2024,20109,见招生目录
赣南师范大学,专业组:教222 (请在招生目录中核对具体方向),2024,40429,见招生目录
井冈山大学,201组：理工类核心专业 (通常含计算机、电子、自动化、经管等),2024,32769,物理+化学
省江西财经大学,202组：文理兼收/社科类 (通常含法学、外国语、教育等),2024,14147,见招生目录
江西财经大学,专业组:210 (请在招生目录中核对具体方向),2024,15615,见招生目录
中国海洋大学,201组：理工类核心专业 (通常含计算机、电子、自动化、经管等),2024,3454,物理+化学
中国海洋大学,202组：文理兼收/社科类 (通常含法学、外国语、教育等),2024,3519,见招生目录
广中国海洋大学,203组：特色/医学/实验班/地方专项,2024,3037,见招生目录
中国海洋大学(中外合作办学),204组：特色/医学/实验班/地方专项,2024,4249,见招生目录
山东科技大学,201组：理工类核心专业 (通常含计算机、电子、自动化、经管等),2024,22447,物理+化学
中国石油大学(华东),201组：理工类核心专业 (通常含计算机、电子、自动化、经管等),2024,8000,物理+化学
中国石油大学(华东),专业组:206 (请在招生目录中核对具体方向),2024,7988,见招生目录
济南大学,201组：理工类核心专业 (通常含计算机、电子、自动化、经管等),2024,26818,物理+化学
济南大学,202组：文理兼收/社科类 (通常含法学、外国语、教育等),2024,21321,见招生目录
济南大学,203组：特色/医学/实验班/地方专项,2024,22715,见招生目录
济南大学,204组：特色/医学/实验班/地方专项,2024,15051,见招生目录
青岛理工大学,201组：理工类核心专业 (通常含计算机、电子、自动化、经管等),2024,26431,物理+化学
青岛理工大学,202组：文理兼收/社科类 (通常含法学、外国语、教育等),2024,31768,见招生目录
山东建筑大学,专业组:广201 (请在招生目录中核对具体方向),2024,32109,见招生目录
山东建筑大学,202组：文理兼收/社科类 (通常含法学、外国语、教育等),2024,26291,见招生目录
齐鲁工业大学,201组：理工类核心专业 (通常含计算机、电子、自动化、经管等),2024,37377,物理+化学
山东农业大学,201组：理工类核心专业 (通常含计算机、电子、自动化、经管等),2024,30421,物理+化学
山东第一医科大学,201组：理工类核心专业 (通常含计算机、电子、自动化、经管等),2024,39457,物理+化学
山东中医药大学,201组：理工类核心专业 (通常含计算机、电子、自动化、经管等),2024,45622,物理+化学
山东师范大学,201组：理工类核心专业 (通常含计算机、电子、自动化、经管等),2024,10714,物理+化学
山东师范大学,202组：文理兼收/社科类 (通常含法学、外国语、教育等),2024,21022,见招生目录
山东师范大学,203组：特色/医学/实验班/地方专项,2024,21342,见招生目录
山东师范大学,204组：特色/医学/实验班/地方专项,2024,14520,见招生目录
山东师范大学,专业组:205 (请在招生目录中核对具体方向),2024,6016,见招生目录
山东师范大学,专业组:206 (请在招生目录中核对具体方向),2024,34668,见招生目录
山东师范大学(中外合作办学),216组：高收费/中外合作办学专业,2024,37207,见招生目录
山东航空学院,专业组:院201 (请在招生目录中核对具体方向),2024,35399,见招生目录
鲁东大学,201组：理工类核心专业 (通常含计算机、电子、自动化、经管等),2024,54314,物理+化学
临沂大学,201组：理工类核心专业 (通常含计算机、电子、自动化、经管等),2024,28591,物理+化学
山东财经大学,201组：理工类核心专业 (通常含计算机、电子、自动化、经管等),2024,22383,物理+化学
山东艺术学院,201组：理工类核心专业 (通常含计算机、电子、自动化、经管等),2024,44676,物理+化学
考郑州大学,201组：理工类核心专业 (通常含计算机、电子、自动化、经管等),2024,6370,物理+化学
河南理工大学,201组：理工类核心专业 (通常含计算机、电子、自动化、经管等),2024,37528,物理+化学
河南理工大学,202组：文理兼收/社科类 (通常含法学、外国语、教育等),2024,34729,见招生目录
育郑州轻工业大学,201组：理工类核心专业 (通常含计算机、电子、自动化、经管等),2024,33148,物理+化学
河南工业大学,201组：理工类核心专业 (通常含计算机、电子、自动化、经管等),2024,25598,物理+化学
河南工业大学,202组：文理兼收/社科类 (通常含法学、外国语、教育等),2024,29602,见招生目录
教河南科技大学,201组：理工类核心专业 (通常含计算机、电子、自动化、经管等),2024,30699,物理+化学
中原工学院,201组：理工类核心专业 (通常含计算机、电子、自动化、经管等),2024,33254,物理+化学
河南农业大学,201组：理工类核心专业 (通常含计算机、电子、自动化、经管等),2024,37159,物理+化学
省河南农业大学,202组：文理兼收/社科类 (通常含法学、外国语、教育等),2024,36006,见招生目录
河南科技学院,201组：理工类核心专业 (通常含计算机、电子、自动化、经管等),2024,43660,物理+化学
河南科技学院,202组：文理兼收/社科类 (通常含法学、外国语、教育等),2024,31712,见招生目录
河南大学,201组：理工类核心专业 (通常含计算机、电子、自动化、经管等),2024,21826,物理+化学
河南大学,202组：文理兼收/社科类 (通常含法学、外国语、教育等),2024,21463,见招生目录
河南大学(中外合作办学),育203组：高收费/中外合作办学专业,2024,22400,见招生目录
河南大学,204组：特色/医学/实验班/地方专项,2024,11765,见招生目录
河南师范大学,201组：理工类核心专业 (通常含计算机、电子、自动化、经管等),2024,19707,物理+化学
河南师范大学,专业组:教202 (请在招生目录中核对具体方向),2024,20619,见招生目录
周口师范学院,201组：理工类核心专业 (通常含计算机、电子、自动化、经管等),2024,43292,物理+化学
省南阳师范学院,202组：文理兼收/社科类 (通常含法学、外国语、教育等),2024,42670,见招生目录
南阳师范学院(中外合作办学),203组：特色/医学/实验班/地方专项,2024,59025,见招生目录
商丘师范学院,201组：理工类核心专业 (通常含计算机、电子、自动化、经管等),2024,43385,物理+化学
河南财经政法大学,201组：理工类核心专业 (通常含计算机、电子、自动化、经管等),2024,18684,物理+化学
广郑州航空工业管理学院,201组：理工类核心专业 (通常含计算机、电子、自动化、经管等),2024,37591,物理+化学
武汉大学,201组：理工类核心专业 (通常含计算机、电子、自动化、经管等),2024,545,物理+化学
华中科技大学,202组：文理兼收/社科类 (通常含法学、外国语、教育等),2024,2003,见招生目录
武汉科技大学,201组：理工类核心专业 (通常含计算机、电子、自动化、经管等),2024,21970,物理+化学
武汉科技大学,202组：文理兼收/社科类 (通常含法学、外国语、教育等),2024,22379,见招生目录
长江大学,201组：理工类核心专业 (通常含计算机、电子、自动化、经管等),2024,23258,物理+化学
中国地质大学(武汉),201组：理工类核心专业 (通常含计算机、电子、自动化、经管等),2024,7082,物理+化学
中国地质大学(武汉),203组：特色/医学/实验班/地方专项,2024,5430,见招生目录
武汉纺织大学,201组：理工类核心专业 (通常含计算机、电子、自动化、经管等),2024,26895,物理+化学
武汉纺织大学,202组：文理兼收/社科类 (通常含法学、外国语、教育等),2024,25842,见招生目录
武汉轻工大学,201组：理工类核心专业 (通常含计算机、电子、自动化、经管等),2024,21948,物理+化学
武汉轻工大学,专业组:广202 (请在招生目录中核对具体方向),2024,25857,见招生目录
武汉理工大学,201组：理工类核心专业 (通常含计算机、电子、自动化、经管等),2024,6859,物理+化学
武汉理工大学(中外合作办学),202组：文理兼收/社科类 (通常含法学、外国语、教育等),2024,6437,见招生目录
武汉理工大学,203组：特色/医学/实验班/地方专项,2024,5349,见招生目录
湖北工业大学,202组：文理兼收/社科类 (通常含法学、外国语、教育等),2024,27700,见招生目录
华中农业大学,201组：理工类核心专业 (通常含计算机、电子、自动化、经管等),2024,6626,物理+化学
华中农业大学,202组：文理兼收/社科类 (通常含法学、外国语、教育等),2024,7447,见招生目录
湖北中医药大学,201组：理工类核心专业 (通常含计算机、电子、自动化、经管等),2024,29026,物理+化学
湖北中医药大学,202组：文理兼收/社科类 (通常含法学、外国语、教育等),2024,28921,见招生目录
湖北中医药大学,203组：特色/医学/实验班/地方专项,2024,40888,见招生目录
华中师范大学,202组：文理兼收/社科类 (通常含法学、外国语、教育等),2024,3507,见招生目录
华中师范大学,203组：特色/医学/实验班/地方专项,2024,2345,见招生目录
湖北大学,201组：理工类核心专业 (通常含计算机、电子、自动化、经管等),2024,16928,物理+化学
湖北大学,专业组:院202 (请在招生目录中核对具体方向),2024,19579,见招生目录
湖北大学(中外合作办学),203组：特色/医学/实验班/地方专项,2024,28695,见招生目录
湖北师范大学,201组：理工类核心专业 (通常含计算机、电子、自动化、经管等),2024,21438,物理+化学
湖北文理学院,202组：文理兼收/社科类 (通常含法学、外国语、教育等),2024,29562,见招生目录
中南财经政法大学,201组：理工类核心专业 (通常含计算机、电子、自动化、经管等),2024,4522,物理+化学
考中南财经政法大学,202组：文理兼收/社科类 (通常含法学、外国语、教育等),2024,4534,见招生目录
中南财经政法大学,203组：特色/医学/实验班/地方专项,2024,3752,见招生目录
中南财经政法大学,204组：特色/医学/实验班/地方专项,2024,3982,见招生目录
育中南财经政法大学(中外合作办学),205组：高收费/中外合作办学专业,2024,22291,见招生目录
武汉体育学院,201组：理工类核心专业 (通常含计算机、电子、自动化、经管等),2024,33948,物理+化学
武汉体育学院,202组：文理兼收/社科类 (通常含法学、外国语、教育等),2024,33570,见招生目录
教湖北美术学院,201组：理工类核心专业 (通常含计算机、电子、自动化、经管等),2024,36991,物理+化学
中南民族大学,201组：理工类核心专业 (通常含计算机、电子、自动化、经管等),2024,15707,物理+化学
中南民族大学,202组：文理兼收/社科类 (通常含法学、外国语、教育等),2024,14436,见招生目录
省湖北工程学院,201组：理工类核心专业 (通常含计算机、电子、自动化、经管等),2024,38591,物理+化学
湘潭大学,202组：文理兼收/社科类 (通常含法学、外国语、教育等),2024,10329,见招生目录
吉首大学,201组：理工类核心专业 (通常含计算机、电子、自动化、经管等),2024,32448,物理+化学
吉首大学,202组：文理兼收/社科类 (通常含法学、外国语、教育等),2024,28953,见招生目录
湖南大学,201组：理工类核心专业 (通常含计算机、电子、自动化、经管等),2024,3280,物理+化学
湖南大学,专业组:育202 (请在招生目录中核对具体方向),2024,1906,见招生目录
中南大学,201组：理工类核心专业 (通常含计算机、电子、自动化、经管等),2024,2311,物理+化学
湖南科技大学,201组：理工类核心专业 (通常含计算机、电子、自动化、经管等),2024,22668,物理+化学
湖南科技大学,专业组:教202 (请在招生目录中核对具体方向),2024,25281,见招生目录
湖南科技大学,203组：特色/医学/实验班/地方专项,2024,24640,见招生目录
省湖南科技大学,专业组:205 (请在招生目录中核对具体方向),2024,14812,见招生目录
长沙理工大学,201组：理工类核心专业 (通常含计算机、电子、自动化、经管等),2024,22585,物理+化学
湖南农业大学,201组：理工类核心专业 (通常含计算机、电子、自动化、经管等),2024,23201,物理+化学
湖南农业大学,202组：文理兼收/社科类 (通常含法学、外国语、教育等),2024,24492,见招生目录
广湖南农业大学(中外合作办学),203组：特色/医学/实验班/地方专项,2024,38875,见招生目录
湖南农业大学,204组：特色/医学/实验班/地方专项,2024,17845,见招生目录
湖南农业大学,专业组:219 (请在招生目录中核对具体方向),2024,22952,见招生目录
中南林业科技大学,201组：理工类核心专业 (通常含计算机、电子、自动化、经管等),2024,24761,物理+化学
中南林业科技大学,202组：文理兼收/社科类 (通常含法学、外国语、教育等),2024,22434,见招生目录
中南林业科技大学,203组：特色/医学/实验班/地方专项,2024,25667,见招生目录
湖南师范大学,201组：理工类核心专业 (通常含计算机、电子、自动化、经管等),2024,7773,物理+化学
湖南师范大学,202组：文理兼收/社科类 (通常含法学、外国语、教育等),2024,6821,见招生目录
湖南师范大学,203组：特色/医学/实验班/地方专项,2024,5662,见招生目录
湖南师范大学,204组：特色/医学/实验班/地方专项,2024,5422,见招生目录
湖南理工学院,201组：理工类核心专业 (通常含计算机、电子、自动化、经管等),2024,33431,物理+化学
湖南理工学院,专业组:广202 (请在招生目录中核对具体方向),2024,32685,见招生目录
湘南学院,201组：理工类核心专业 (通常含计算机、电子、自动化、经管等),2024,42168,物理+化学
衡阳师范学院,201组：理工类核心专业 (通常含计算机、电子、自动化、经管等),2024,39214,物理+化学
衡阳师范学院,202组：文理兼收/社科类 (通常含法学、外国语、教育等),2024,40294,见招生目录
衡阳师范学院,203组：特色/医学/实验班/地方专项,2024,41711,见招生目录
邵阳学院,201组：理工类核心专业 (通常含计算机、电子、自动化、经管等),2024,42124,物理+化学
邵阳学院,202组：文理兼收/社科类 (通常含法学、外国语、教育等),2024,39971,见招生目录
邵阳学院,203组：特色/医学/实验班/地方专项,2024,43374,见招生目录
怀化学院,201组：理工类核心专业 (通常含计算机、电子、自动化、经管等),2024,42110,物理+化学
怀化学院,202组：文理兼收/社科类 (通常含法学、外国语、教育等),2024,40400,见招生目录
湖南文理学院,201组：理工类核心专业 (通常含计算机、电子、自动化、经管等),2024,39267,物理+化学
湖南文理学院,202组：文理兼收/社科类 (通常含法学、外国语、教育等),2024,39328,见招生目录
湖南科技学院,201组：理工类核心专业 (通常含计算机、电子、自动化、经管等),2024,38543,物理+化学
湖南科技学院,专业组:院202 (请在招生目录中核对具体方向),2024,41685,见招生目录
湖南人文科技学院,201组：理工类核心专业 (通常含计算机、电子、自动化、经管等),2024,41977,物理+化学
湖南人文科技学院(中外合作办学),202组：文理兼收/社科类 (通常含法学、外国语、教育等),2024,46645,见招生目录
湖南工商大学,201组：理工类核心专业 (通常含计算机、电子、自动化、经管等),2024,22226,物理+化学
湖南工商大学,202组：文理兼收/社科类 (通常含法学、外国语、教育等),2024,21562,见招生目录
考南华大学,201组：理工类核心专业 (通常含计算机、电子、自动化、经管等),2024,22468,物理+化学
中山大学,201组：理工类核心专业 (通常含计算机、电子、自动化、经管等),2024,1203,物理+化学
中山大学,202组：文理兼收/社科类 (通常含法学、外国语、教育等),2024,1326,见招生目录
育中山大学,专业组:216 (请在招生目录中核对具体方向),2024,1439,见招生目录
中山大学,专业组:217 (请在招生目录中核对具体方向),2024,1073,见招生目录
暨南大学,201组：理工类核心专业 (通常含计算机、电子、自动化、经管等),2024,5912,物理+化学
教暨南大学,202组：文理兼收/社科类 (通常含法学、外国语、教育等),2024,3525,见招生目录
暨南大学(艺术类),专业组:216 (请在招生目录中核对具体方向),2024,6226,见招生目录
暨南大学,专业组:217 (请在招生目录中核对具体方向),2024,5012,见招生目录
省暨南大学,专业组:218 (请在招生目录中核对具体方向),2024,3984,见招生目录
汕头大学,201组：理工类核心专业 (通常含计算机、电子、自动化、经管等),2024,17624,物理+化学
汕头大学,202组：文理兼收/社科类 (通常含法学、外国语、教育等),2024,16784,见招生目录
汕头大学(地方专项),203组：特色/医学/实验班/地方专项,2024,22194,见招生目录
汕头大学(地方专项),204组：特色/医学/实验班/地方专项,2024,29425,见招生目录
华南理工大学,专业组:育201 (请在招生目录中核对具体方向),2024,2312,见招生目录
华南农业大学,201组：理工类核心专业 (通常含计算机、电子、自动化、经管等),2024,9437,物理+化学
华南农业大学,202组：文理兼收/社科类 (通常含法学、外国语、教育等),2024,12206,见招生目录
华南农业大学,专业组:教203 (请在招生目录中核对具体方向),2024,14376,见招生目录
华南农业大学,专业组:205 (请在招生目录中核对具体方向),2024,15923,见招生目录
省华南农业大学,专业组:207 (请在招生目录中核对具体方向),2024,15720,见招生目录
华南农业大学,专业组:208 (请在招生目录中核对具体方向),2024,14390,见招生目录
广东海洋大学,专业组:226 (请在招生目录中核对具体方向),2024,31267,见招生目录
广东海洋大学,专业组:227 (请在招生目录中核对具体方向),2024,31024,见招生目录
广广东海洋大学,专业组:228 (请在招生目录中核对具体方向),2024,30038,见招生目录
广东海洋大学(地方专项),专业组:229 (请在招生目录中核对具体方向),2024,33402,见招生目录
广东海洋大学,专业组:230 (请在招生目录中核对具体方向),2024,31100,见招生目录
广州医科大学,203组：特色/医学/实验班/地方专项,2024,83666,见招生目录
广州医科大学,204组：特色/医学/实验班/地方专项,2024,18982,见招生目录
广州医科大学(地方专项),专业组:206 (请在招生目录中核对具体方向),2024,28705,见招生目录
广州医科大学(地方专项),专业组:207 (请在招生目录中核对具体方向),2024,22608,见招生目录
广东医科大学,专业组:206 (请在招生目录中核对具体方向),2024,75514,见招生目录
广东医科大学,专业组:207 (请在招生目录中核对具体方向),2024,33485,见招生目录
广州中医药大学,专业组:208 (请在招生目录中核对具体方向),2024,21781,见招生目录
广州中医药大学,专业组:209 (请在招生目录中核对具体方向),2024,19740,见招生目录
广州中医药大学(地方专项),专业组:广213 (请在招生目录中核对具体方向),2024,27777,见招生目录
广东药科大学,专业组:208 (请在招生目录中核对具体方向),2024,39551,见招生目录
广东药科大学,专业组:209 (请在招生目录中核对具体方向),2024,54870,见招生目录
华南师范大学,201组：理工类核心专业 (通常含计算机、电子、自动化、经管等),2024,4950,物理+化学
华南师范大学,202组：文理兼收/社科类 (通常含法学、外国语、教育等),2024,3707,见招生目录
华南师范大学,203组：特色/医学/实验班/地方专项,2024,3948,见招生目录
华南师范大学,204组：特色/医学/实验班/地方专项,2024,7345,见招生目录
华南师范大学,专业组:205 (请在招生目录中核对具体方向),2024,7615,见招生目录
华南师范大学,专业组:206 (请在招生目录中核对具体方向),2024,5068,见招生目录
华南师范大学,专业组:207 (请在招生目录中核对具体方向),2024,5333,见招生目录
华南师范大学(地方专项),专业组:208 (请在招生目录中核对具体方向),2024,20325,见招生目录
华南师范大学(地方专项),专业组:209 (请在招生目录中核对具体方向),2024,11222,见招生目录
华南师范大学(地方专项),专业组:210 (请在招生目录中核对具体方向),2024,16707,见招生目录
华南师范大学(地方专项),专业组:院211 (请在招生目录中核对具体方向),2024,7880,见招生目录
华南师范大学(地方专项),专业组:212 (请在招生目录中核对具体方向),2024,5778,见招生目录
华南师范大学(地方专项),专业组:213 (请在招生目录中核对具体方向),2024,8073,见招生目录
华南师范大学(中外合作办学),215组：高收费/中外合作办学专业,2024,8726,见招生目录
韶关学院,201组：理工类核心专业 (通常含计算机、电子、自动化、经管等),2024,39556,物理+化学
考韶关学院,202组：文理兼收/社科类 (通常含法学、外国语、教育等),2024,40203,见招生目录
韶关学院,203组：特色/医学/实验班/地方专项,2024,40570,见招生目录
韶关学院(学分互认),204组：特色/医学/实验班/地方专项,2024,43701,见招生目录
育韶关学院(学分互认),专业组:206 (请在招生目录中核对具体方向),2024,41809,见招生目录
韶关学院,专业组:207 (请在招生目录中核对具体方向),2024,40001,见招生目录
韶关学院,专业组:211 (请在招生目录中核对具体方向),2024,33555,见招生目录
教韶关学院,专业组:212 (请在招生目录中核对具体方向),2024,39953,见招生目录
韶关学院,专业组:244 (请在招生目录中核对具体方向),2024,41833,见招生目录
韶关学院,专业组:245 (请在招生目录中核对具体方向),2024,41270,见招生目录
省韶关学院,专业组:248 (请在招生目录中核对具体方向),2024,41418,见招生目录
惠州学院,201组：理工类核心专业 (通常含计算机、电子、自动化、经管等),2024,25200,物理+化学
惠州学院,202组：文理兼收/社科类 (通常含法学、外国语、教育等),2024,31338,见招生目录
惠州学院,203组：特色/医学/实验班/地方专项,2024,27867,见招生目录
惠州学院,204组：特色/医学/实验班/地方专项,2024,23757,见招生目录
惠州学院,专业组:育205 (请在招生目录中核对具体方向),2024,31326,见招生目录
惠州学院,专业组:206 (请在招生目录中核对具体方向),2024,27530,见招生目录
惠州学院,专业组:207 (请在招生目录中核对具体方向),2024,35903,见招生目录
惠州学院,专业组:教208 (请在招生目录中核对具体方向),2024,31857,见招生目录
惠州学院,专业组:209 (请在招生目录中核对具体方向),2024,39320,见招生目录
省惠州学院,专业组:211 (请在招生目录中核对具体方向),2024,36281,见招生目录
惠州学院,专业组:212 (请在招生目录中核对具体方向),2024,39284,见招生目录
惠州学院,专业组:214 (请在招生目录中核对具体方向),2024,38693,见招生目录
惠州学院(中外合作办学),215组：高收费/中外合作办学专业,2024,93124,见招生目录
广韩山师范学院,专业组:220 (请在招生目录中核对具体方向),2024,31289,见招生目录
韩山师范学院,专业组:221 (请在招生目录中核对具体方向),2024,35647,见招生目录
韩山师范学院,专业组:222 (请在招生目录中核对具体方向),2024,37157,见招生目录
韩山师范学院,专业组:223 (请在招生目录中核对具体方向),2024,40737,见招生目录
韩山师范学院,专业组:224 (请在招生目录中核对具体方向),2024,41463,见招生目录
韩山师范学院(协同培养),专业组:225 (请在招生目录中核对具体方向),2024,41758,见招生目录
韩山师范学院(中外合作办学),226组：高收费/中外合作办学专业,2024,52807,见招生目录
岭南师范学院,201组：理工类核心专业 (通常含计算机、电子、自动化、经管等),2024,27691,物理+化学
岭南师范学院,202组：文理兼收/社科类 (通常含法学、外国语、教育等),2024,32979,见招生目录
岭南师范学院,203组：特色/医学/实验班/地方专项,2024,37441,见招生目录
岭南师范学院,204组：特色/医学/实验班/地方专项,2024,33964,见招生目录
岭南师范学院,专业组:广205 (请在招生目录中核对具体方向),2024,38267,见招生目录
岭南师范学院,专业组:206 (请在招生目录中核对具体方向),2024,38968,见招生目录
肇庆学院,201组：理工类核心专业 (通常含计算机、电子、自动化、经管等),2024,39478,物理+化学
肇庆学院,202组：文理兼收/社科类 (通常含法学、外国语、教育等),2024,35859,见招生目录
肇庆学院,203组：特色/医学/实验班/地方专项,2024,38950,见招生目录
肇庆学院,204组：特色/医学/实验班/地方专项,2024,34781,见招生目录
肇庆学院,专业组:205 (请在招生目录中核对具体方向),2024,38574,见招生目录
肇庆学院,专业组:206 (请在招生目录中核对具体方向),2024,32381,见招生目录
肇庆学院,专业组:207 (请在招生目录中核对具体方向),2024,35022,见招生目录
嘉应学院,专业组:216 (请在招生目录中核对具体方向),2024,38914,见招生目录
嘉应学院,专业组:217 (请在招生目录中核对具体方向),2024,40729,见招生目录
嘉应学院,专业组:218 (请在招生目录中核对具体方向),2024,36153,见招生目录
嘉应学院,专业组:219 (请在招生目录中核对具体方向),2024,43174,见招生目录
嘉应学院,专业组:院220 (请在招生目录中核对具体方向),2024,43034,见招生目录
嘉应学院,专业组:221 (请在招生目录中核对具体方向),2024,42567,见招生目录
嘉应学院,专业组:222 (请在招生目录中核对具体方向),2024,40890,见招生目录
嘉应学院(联合培养),专业组:224 (请在招生目录中核对具体方向),2024,49173,见招生目录
广州体育学院,201组：理工类核心专业 (通常含计算机、电子、自动化、经管等),2024,37230,物理+化学
考广州美术学院,专业组:215 (请在招生目录中核对具体方向),2024,34055,见招生目录
星海音乐学院,202组：文理兼收/社科类 (通常含法学、外国语、教育等),2024,28228,见招生目录
广东技术师范大学,专业组:243 (请在招生目录中核对具体方向),2024,13882,见招生目录
育广东技术师范大学,专业组:244 (请在招生目录中核对具体方向),2024,16322,见招生目录
广东技术师范大学(地方专项),专业组:245 (请在招生目录中核对具体方向),2024,17184,见招生目录
广东技术师范大学(地方专项),专业组:246 (请在招生目录中核对具体方向),2024,22050,见招生目录
教广东技术师范大学,专业组:247 (请在招生目录中核对具体方向),2024,21934,见招生目录
广东技术师范大学,专业组:248 (请在招生目录中核对具体方向),2024,22887,见招生目录
广东技术师范大学,专业组:249 (请在招生目录中核对具体方向),2024,20824,见招生目录
省广东技术师范大学,专业组:250 (请在招生目录中核对具体方向),2024,34010,见招生目录
广东技术师范大学,专业组:251 (请在招生目录中核对具体方向),2024,14769,见招生目录
广东技术师范大学,专业组:252 (请在招生目录中核对具体方向),2024,22214,见招生目录
广东技术师范大学,专业组:253 (请在招生目录中核对具体方向),2024,23234,见招生目录
广东技术师范大学,专业组:254 (请在招生目录中核对具体方向),2024,19414,见招生目录
广东技术师范大学,专业组:育255 (请在招生目录中核对具体方向),2024,26536,见招生目录
广东技术师范大学(国际班),专业组:256 (请在招生目录中核对具体方向),2024,45482,见招生目录
广东技术师范大学(国际班),专业组:257 (请在招生目录中核对具体方向),2024,45365,见招生目录
广东技术师范大学(少数民族班),专业组:教258 (请在招生目录中核对具体方向),2024,120230,见招生目录
广东技术师范大学(少数民族班),专业组:259 (请在招生目录中核对具体方向),2024,117907,见招生目录
省广东技术师范大学(少数民族班),专业组:261 (请在招生目录中核对具体方向),2024,75910,见招生目录
广东技术师范大学(少数民族班),专业组:262 (请在招生目录中核对具体方向),2024,98029,见招生目录
广东技术师范大学(少数民族班),专业组:264 (请在招生目录中核对具体方向),2024,69318,见招生目录
广东技术师范大学(少数民族班),专业组:265 (请在招生目录中核对具体方向),2024,124822,见招生目录
广海南大学,201组：理工类核心专业 (通常含计算机、电子、自动化、经管等),2024,8216,物理+化学
海南大学,202组：文理兼收/社科类 (通常含法学、外国语、教育等),2024,7896,见招生目录
海南大学,203组：特色/医学/实验班/地方专项,2024,9071,见招生目录
海南大学(中外合作办学),204组：特色/医学/实验班/地方专项,2024,29219,见招生目录
海南大学(中外合作办学),205组：高收费/中外合作办学专业,2024,29762,见招生目录
海南大学,专业组:206 (请在招生目录中核对具体方向),2024,8620,见招生目录
深圳大学,201组：理工类核心专业 (通常含计算机、电子、自动化、经管等),2024,6250,物理+化学
深圳大学,202组：文理兼收/社科类 (通常含法学、外国语、教育等),2024,7247,见招生目录
深圳大学,203组：特色/医学/实验班/地方专项,2024,7358,见招生目录
深圳大学,204组：特色/医学/实验班/地方专项,2024,5817,见招生目录
深圳大学,专业组:205 (请在招生目录中核对具体方向),2024,7579,见招生目录
深圳大学,专业组:广206 (请在招生目录中核对具体方向),2024,7372,见招生目录
深圳大学,专业组:207 (请在招生目录中核对具体方向),2024,6815,见招生目录
深圳大学,专业组:208 (请在招生目录中核对具体方向),2024,4763,见招生目录
深圳大学(地方专项),专业组:211 (请在招生目录中核对具体方向),2024,12098,见招生目录
广东财经大学,201组：理工类核心专业 (通常含计算机、电子、自动化、经管等),2024,19587,物理+化学
广东财经大学,203组：特色/医学/实验班/地方专项,2024,20940,见招生目录
广东财经大学,专业组:205 (请在招生目录中核对具体方向),2024,11817,见招生目录
广东财经大学,专业组:207 (请在招生目录中核对具体方向),2024,18850,见招生目录
广东财经大学,专业组:209 (请在招生目录中核对具体方向),2024,20623,见招生目录
广东财经大学,专业组:211 (请在招生目录中核对具体方向),2024,21332,见招生目录
广东财经大学(联合培养),专业组:215 (请在招生目录中核对具体方向),2024,31699,见招生目录
桂林电子科技大学(本科预科班),专业组:206 (请在招生目录中核对具体方向),2024,99033,见招生目录
桂林理工大学,201组：理工类核心专业 (通常含计算机、电子、自动化、经管等),2024,32517,物理+化学
桂林理工大学,专业组:院202 (请在招生目录中核对具体方向),2024,34658,见招生目录
桂林理工大学,203组：特色/医学/实验班/地方专项,2024,40347,见招生目录
右江民族医学院,201组：理工类核心专业 (通常含计算机、电子、自动化、经管等),2024,42791,物理+化学
广西师范大学,201组：理工类核心专业 (通常含计算机、电子、自动化、经管等),2024,28468,物理+化学
广西师范大学,202组：文理兼收/社科类 (通常含法学、外国语、教育等),2024,7559,见招生目录
考广西师范大学(联合培养),203组：特色/医学/实验班/地方专项,2024,37002,见招生目录
广西师范大学,204组：特色/医学/实验班/地方专项,2024,11741,见招生目录
南宁师范大学,201组：理工类核心专业 (通常含计算机、电子、自动化、经管等),2024,27069,物理+化学
育南宁师范大学,202组：文理兼收/社科类 (通常含法学、外国语、教育等),2024,23955,见招生目录
玉林师范学院,201组：理工类核心专业 (通常含计算机、电子、自动化、经管等),2024,42134,物理+化学
玉林师范学院,202组：文理兼收/社科类 (通常含法学、外国语、教育等),2024,43099,见招生目录
教玉林师范学院,203组：特色/医学/实验班/地方专项,2024,41412,见招生目录
玉林师范学院,204组：特色/医学/实验班/地方专项,2024,41723,见招生目录
广西艺术学院,201组：理工类核心专业 (通常含计算机、电子、自动化、经管等),2024,44239,物理+化学
省广西艺术学院,202组：文理兼收/社科类 (通常含法学、外国语、教育等),2024,42018,见招生目录
广西民族大学,201组：理工类核心专业 (通常含计算机、电子、自动化、经管等),2024,27824,物理+化学
广西民族大学,202组：文理兼收/社科类 (通常含法学、外国语、教育等),2024,32092,见招生目录
广西民族大学(联合培养),203组：特色/医学/实验班/地方专项,2024,40978,见招生目录
广西民族大学,专业组:216 (请在招生目录中核对具体方向),2024,35856,见招生目录
四川大学,专业组:育201 (请在招生目录中核对具体方向),2024,1865,见招生目录
四川大学,专业组:208 (请在招生目录中核对具体方向),2024,4389,见招生目录
重庆大学,201组：理工类核心专业 (通常含计算机、电子、自动化、经管等),2024,2086,物理+化学
重庆大学,专业组:教202 (请在招生目录中核对具体方向),2024,2357,见招生目录
重庆大学(艺术类),专业组:211 (请在招生目录中核对具体方向),2024,7173,见招生目录
省西南交通大学,202组：文理兼收/社科类 (通常含法学、外国语、教育等),2024,4285,见招生目录
电子科技大学,201组：理工类核心专业 (通常含计算机、电子、自动化、经管等),2024,2963,物理+化学
西南石油大学,202组：文理兼收/社科类 (通常含法学、外国语、教育等),2024,20204,见招生目录
西南石油大学,203组：特色/医学/实验班/地方专项,2024,13015,见招生目录
广西南石油大学,204组：特色/医学/实验班/地方专项,2024,15706,见招生目录
西南石油大学,专业组:205 (请在招生目录中核对具体方向),2024,13130,见招生目录
西南石油大学,专业组:212 (请在招生目录中核对具体方向),2024,25965,见招生目录
成都理工大学,201组：理工类核心专业 (通常含计算机、电子、自动化、经管等),2024,17796,物理+化学
成都理工大学,202组：文理兼收/社科类 (通常含法学、外国语、教育等),2024,14814,见招生目录
成都理工大学(中外合作办学),203组：特色/医学/实验班/地方专项,2024,22949,见招生目录
成都理工大学,204组：特色/医学/实验班/地方专项,2024,21645,见招生目录
重庆邮电大学,201组：理工类核心专业 (通常含计算机、电子、自动化、经管等),2024,18012,物理+化学
重庆交通大学,201组：理工类核心专业 (通常含计算机、电子、自动化、经管等),2024,22317,物理+化学
重庆交通大学,202组：文理兼收/社科类 (通常含法学、外国语、教育等),2024,22780,见招生目录
重庆交通大学,203组：特色/医学/实验班/地方专项,2024,23164,见招生目录
西南科技大学,专业组:广201 (请在招生目录中核对具体方向),2024,27858,见招生目录
西南科技大学,202组：文理兼收/社科类 (通常含法学、外国语、教育等),2024,22361,见招生目录
西南科技大学,203组：特色/医学/实验班/地方专项,2024,21707,见招生目录
成都信息工程大学,201组：理工类核心专业 (通常含计算机、电子、自动化、经管等),2024,22111,物理+化学
成都信息工程大学,专业组:206 (请在招生目录中核对具体方向),2024,19141,见招生目录
四川轻化工大学,201组：理工类核心专业 (通常含计算机、电子、自动化、经管等),2024,26705,物理+化学
西华大学,201组：理工类核心专业 (通常含计算机、电子、自动化、经管等),2024,16652,物理+化学
西华大学(本科预科班),专业组:206 (请在招生目录中核对具体方向),2024,43593,见招生目录
中国民用航空飞行学院,201组：理工类核心专业 (通常含计算机、电子、自动化、经管等),2024,31440,物理+化学
中国民用航空飞行学院,202组：文理兼收/社科类 (通常含法学、外国语、教育等),2024,33712,见招生目录
中国民用航空飞行学院,203组：特色/医学/实验班/地方专项,2024,30198,见招生目录
成都中医药大学(中外合作办学),201组：理工类核心专业 (通常含计算机、电子、自动化、经管等),2024,27274,物理+化学
川北医学院,201组：理工类核心专业 (通常含计算机、电子、自动化、经管等),2024,34194,物理+化学
西南大学,专业组:院201 (请在招生目录中核对具体方向),2024,4516,见招生目录
西南大学,202组：文理兼收/社科类 (通常含法学、外国语、教育等),2024,6638,见招生目录
西南大学,203组：特色/医学/实验班/地方专项,2024,10581,见招生目录
四川师范大学,201组：理工类核心专业 (通常含计算机、电子、自动化、经管等),2024,22065,物理+化学
四川师范大学,202组：文理兼收/社科类 (通常含法学、外国语、教育等),2024,20360,见招生目录
考四川师范大学,203组：特色/医学/实验班/地方专项,2024,15046,见招生目录
四川师范大学,204组：特色/医学/实验班/地方专项,2024,16370,见招生目录
四川师范大学,专业组:205 (请在招生目录中核对具体方向),2024,14975,见招生目录
育四川师范大学,专业组:224 (请在招生目录中核对具体方向),2024,22478,见招生目录
重庆师范大学,201组：理工类核心专业 (通常含计算机、电子、自动化、经管等),2024,19365,物理+化学
重庆师范大学,202组：文理兼收/社科类 (通常含法学、外国语、教育等),2024,8088,见招生目录
教西华师范大学,201组：理工类核心专业 (通常含计算机、电子、自动化、经管等),2024,34659,物理+化学
西华师范大学,202组：文理兼收/社科类 (通常含法学、外国语、教育等),2024,42007,见招生目录
内江师范学院,201组：理工类核心专业 (通常含计算机、电子、自动化、经管等),2024,29690,物理+化学
省内江师范学院,202组：文理兼收/社科类 (通常含法学、外国语、教育等),2024,32082,见招生目录
重庆三峡学院,201组：理工类核心专业 (通常含计算机、电子、自动化、经管等),2024,34102,物理+化学
重庆三峡学院,202组：文理兼收/社科类 (通常含法学、外国语、教育等),2024,37365,见招生目录
四川文理学院,201组：理工类核心专业 (通常含计算机、电子、自动化、经管等),2024,42137,物理+化学
长江师范学院,201组：理工类核心专业 (通常含计算机、电子、自动化、经管等),2024,31531,物理+化学
乐山师范学院,专业组:育201 (请在招生目录中核对具体方向),2024,41769,见招生目录
四川外国语大学,201组：理工类核心专业 (通常含计算机、电子、自动化、经管等),2024,18328,物理+化学
四川外国语大学(中外合作办学),202组：文理兼收/社科类 (通常含法学、外国语、教育等),2024,25467,见招生目录
四川外国语大学,专业组:教203 (请在招生目录中核对具体方向),2024,22551,见招生目录
四川外国语大学(中外合作办学),204组：特色/医学/实验班/地方专项,2024,27085,见招生目录
省西南财经大学,201组：理工类核心专业 (通常含计算机、电子、自动化、经管等),2024,2930,物理+化学
西南财经大学(中外合作办学),202组：文理兼收/社科类 (通常含法学、外国语、教育等),2024,6376,见招生目录
西南政法大学,202组：文理兼收/社科类 (通常含法学、外国语、教育等),2024,4093,见招生目录
西南政法大学(中外合作办学),203组：特色/医学/实验班/地方专项,2024,2348,见招生目录
广四川音乐学院,201组：理工类核心专业 (通常含计算机、电子、自动化、经管等),2024,31738,物理+化学
四川音乐学院(联合培养),专业组:210 (请在招生目录中核对具体方向),2024,41743,见招生目录
四川美术学院,201组：理工类核心专业 (通常含计算机、电子、自动化、经管等),2024,39271,物理+化学
西南民族大学,201组：理工类核心专业 (通常含计算机、电子、自动化、经管等),2024,22295,物理+化学
西南民族大学,202组：文理兼收/社科类 (通常含法学、外国语、教育等),2024,25441,见招生目录
贵州大学,201组：理工类核心专业 (通常含计算机、电子、自动化、经管等),2024,7614,物理+化学
贵州大学,202组：文理兼收/社科类 (通常含法学、外国语、教育等),2024,8432,见招生目录
遵义医科大学,201组：理工类核心专业 (通常含计算机、电子、自动化、经管等),2024,36825,物理+化学
遵义医科大学,202组：文理兼收/社科类 (通常含法学、外国语、教育等),2024,39899,见招生目录
遵义医科大学,203组：特色/医学/实验班/地方专项,2024,35179,见招生目录
遵义医科大学,专业组:208 (请在招生目录中核对具体方向),2024,32458,见招生目录
贵州中医药大学,专业组:广201 (请在招生目录中核对具体方向),2024,21595,见招生目录
贵州中医药大学,202组：文理兼收/社科类 (通常含法学、外国语、教育等),2024,26649,见招生目录
贵州师范大学,201组：理工类核心专业 (通常含计算机、电子、自动化、经管等),2024,21248,物理+化学
贵州师范大学,202组：文理兼收/社科类 (通常含法学、外国语、教育等),2024,43870,见招生目录
贵州师范大学,203组：特色/医学/实验班/地方专项,2024,11760,见招生目录
遵义师范学院,201组：理工类核心专业 (通常含计算机、电子、自动化、经管等),2024,30094,物理+化学
遵义师范学院,202组：文理兼收/社科类 (通常含法学、外国语、教育等),2024,33202,见招生目录
安顺学院,201组：理工类核心专业 (通常含计算机、电子、自动化、经管等),2024,42418,物理+化学
安顺学院,202组：文理兼收/社科类 (通常含法学、外国语、教育等),2024,42273,见招生目录
安顺学院,203组：特色/医学/实验班/地方专项,2024,41023,见招生目录
贵州工程应用技术学院,201组：理工类核心专业 (通常含计算机、电子、自动化、经管等),2024,43312,物理+化学
贵州工程应用技术学院,202组：文理兼收/社科类 (通常含法学、外国语、教育等),2024,41169,见招生目录
贵州工程应用技术学院,203组：特色/医学/实验班/地方专项,2024,43790,见招生目录
凯里学院,专业组:院201 (请在招生目录中核对具体方向),2024,39830,见招生目录
贵州财经大学,201组：理工类核心专业 (通常含计算机、电子、自动化、经管等),2024,27306,物理+化学
云南大学,201组：理工类核心专业 (通常含计算机、电子、自动化、经管等),2024,9137,物理+化学
云南大学,203组：特色/医学/实验班/地方专项,2024,7870,见招生目录
昆明理工大学,201组：理工类核心专业 (通常含计算机、电子、自动化、经管等),2024,19977,物理+化学
考大理大学,201组：理工类核心专业 (通常含计算机、电子、自动化、经管等),2024,35607,物理+化学
云南师范大学,201组：理工类核心专业 (通常含计算机、电子、自动化、经管等),2024,27617,物理+化学
云南师范大学,203组：特色/医学/实验班/地方专项,2024,12378,见招生目录
育红河学院,201组：理工类核心专业 (通常含计算机、电子、自动化、经管等),2024,43331,物理+化学
云南财经大学,201组：理工类核心专业 (通常含计算机、电子、自动化、经管等),2024,25860,物理+化学
云南财经大学(中外合作办学),202组：文理兼收/社科类 (通常含法学、外国语、教育等),2024,43481,见招生目录
教云南财经大学,203组：特色/医学/实验班/地方专项,2024,24613,见招生目录
云南财经大学(中外合作办学),208组：高收费/中外合作办学专业,2024,45941,见招生目录
云南艺术学院,201组：理工类核心专业 (通常含计算机、电子、自动化、经管等),2024,43581,物理+化学
省云南民族大学,201组：理工类核心专业 (通常含计算机、电子、自动化、经管等),2024,34017,物理+化学
云南民族大学,202组：文理兼收/社科类 (通常含法学、外国语、教育等),2024,16305,见招生目录
西藏大学,201组：理工类核心专业 (通常含计算机、电子、自动化、经管等),2024,18683,物理+化学
西藏大学,202组：文理兼收/社科类 (通常含法学、外国语、教育等),2024,19182,见招生目录
西藏大学,203组：特色/医学/实验班/地方专项,2024,17178,见招生目录
西藏大学,专业组:育204 (请在招生目录中核对具体方向),2024,20755,见招生目录
西藏大学,专业组:205 (请在招生目录中核对具体方向),2024,13989,见招生目录
西北大学,201组：理工类核心专业 (通常含计算机、电子、自动化、经管等),2024,5534,物理+化学
西北大学,专业组:教202 (请在招生目录中核对具体方向),2024,2007,见招生目录
西安交通大学,201组：理工类核心专业 (通常含计算机、电子、自动化、经管等),2024,1530,物理+化学
省西安工业大学,201组：理工类核心专业 (通常含计算机、电子、自动化、经管等),2024,21522,物理+化学
西安建筑科技大学,201组：理工类核心专业 (通常含计算机、电子、自动化、经管等),2024,17529,物理+化学
西安石油大学,202组：文理兼收/社科类 (通常含法学、外国语、教育等),2024,23336,见招生目录
陕西科技大学,201组：理工类核心专业 (通常含计算机、电子、自动化、经管等),2024,21801,物理+化学
广长安大学,201组：理工类核心专业 (通常含计算机、电子、自动化、经管等),2024,8245,物理+化学
西北农林科技大学,201组：理工类核心专业 (通常含计算机、电子、自动化、经管等),2024,4503,物理+化学
西北农林科技大学,202组：文理兼收/社科类 (通常含法学、外国语、教育等),2024,4561,见招生目录
陕西师范大学,201组：理工类核心专业 (通常含计算机、电子、自动化、经管等),2024,4757,物理+化学
陕西师范大学,202组：文理兼收/社科类 (通常含法学、外国语、教育等),2024,5667,见招生目录
陕西师范大学,203组：特色/医学/实验班/地方专项,2024,10929,见招生目录
陕西师范大学,204组：特色/医学/实验班/地方专项,2024,4962,见招生目录
延安大学,201组：理工类核心专业 (通常含计算机、电子、自动化、经管等),2024,29999,物理+化学
延安大学,202组：文理兼收/社科类 (通常含法学、外国语、教育等),2024,27442,见招生目录
陕西理工大学,201组：理工类核心专业 (通常含计算机、电子、自动化、经管等),2024,36122,物理+化学
咸阳师范学院,201组：理工类核心专业 (通常含计算机、电子、自动化、经管等),2024,40992,物理+化学
渭南师范学院(中外合作办学),广201组：高收费/中外合作办学专业,2024,50911,见招生目录
西安外国语大学,201组：理工类核心专业 (通常含计算机、电子、自动化、经管等),2024,18685,物理+化学
西安外国语大学,202组：文理兼收/社科类 (通常含法学、外国语、教育等),2024,20400,见招生目录
西北政法大学,201组：理工类核心专业 (通常含计算机、电子、自动化、经管等),2024,4919,物理+化学
西北政法大学,202组：文理兼收/社科类 (通常含法学、外国语、教育等),2024,4484,见招生目录
西安美术学院,201组：理工类核心专业 (通常含计算机、电子、自动化、经管等),2024,31273,物理+化学
兰州大学,201组：理工类核心专业 (通常含计算机、电子、自动化、经管等),2024,3980,物理+化学
兰州大学,202组：文理兼收/社科类 (通常含法学、外国语、教育等),2024,3742,见招生目录
兰州大学,203组：特色/医学/实验班/地方专项,2024,3864,见招生目录
兰州理工大学,201组：理工类核心专业 (通常含计算机、电子、自动化、经管等),2024,29935,物理+化学
兰州交通大学,201组：理工类核心专业 (通常含计算机、电子、自动化、经管等),2024,26267,物理+化学
兰州交通大学,202组：文理兼收/社科类 (通常含法学、外国语、教育等),2024,34483,见招生目录
甘肃农业大学,201组：理工类核心专业 (通常含计算机、电子、自动化、经管等),2024,43382,物理+化学
西北师范大学,专业组:院201 (请在招生目录中核对具体方向),2024,22109,见招生目录
西北师范大学,202组：文理兼收/社科类 (通常含法学、外国语、教育等),2024,27732,见招生目录
西北师范大学,204组：特色/医学/实验班/地方专项,2024,22444,见招生目录
陇东学院,201组：理工类核心专业 (通常含计算机、电子、自动化、经管等),2024,44041,物理+化学
陇东学院,202组：文理兼收/社科类 (通常含法学、外国语、教育等),2024,45777,见招生目录
考天水师范学院,201组：理工类核心专业 (通常含计算机、电子、自动化、经管等),2024,44070,物理+化学
天水师范学院,202组：文理兼收/社科类 (通常含法学、外国语、教育等),2024,43460,见招生目录
天水师范学院,203组：特色/医学/实验班/地方专项,2024,41739,见招生目录
育天水师范学院,204组：特色/医学/实验班/地方专项,2024,41882,见招生目录
兰州财经大学,201组：理工类核心专业 (通常含计算机、电子、自动化、经管等),2024,41732,物理+化学
兰州财经大学,202组：文理兼收/社科类 (通常含法学、外国语、教育等),2024,40989,见招生目录
教兰州财经大学(联合培养),专业组:205 (请在招生目录中核对具体方向),2024,44922,见招生目录
西北民族大学,201组：理工类核心专业 (通常含计算机、电子、自动化、经管等),2024,39248,物理+化学
西北民族大学,202组：文理兼收/社科类 (通常含法学、外国语、教育等),2024,32431,见招生目录
省西北民族大学,203组：特色/医学/实验班/地方专项,2024,23702,见招生目录
青海师范大学,201组：理工类核心专业 (通常含计算机、电子、自动化、经管等),2024,28358,物理+化学
青海师范大学,202组：文理兼收/社科类 (通常含法学、外国语、教育等),2024,28061,见招生目录
宁夏大学,201组：理工类核心专业 (通常含计算机、电子、自动化、经管等),2024,10239,物理+化学
新疆大学,201组：理工类核心专业 (通常含计算机、电子、自动化、经管等),2024,12372,物理+化学
新疆大学,专业组:育202 (请在招生目录中核对具体方向),2024,14828,见招生目录
新疆大学,203组：特色/医学/实验班/地方专项,2024,10504,见招生目录
新疆农业大学,201组：理工类核心专业 (通常含计算机、电子、自动化、经管等),2024,44407,物理+化学
新疆农业大学,专业组:教202 (请在招生目录中核对具体方向),2024,44205,见招生目录
新疆农业大学,203组：特色/医学/实验班/地方专项,2024,46444,见招生目录
省新疆师范大学,202组：文理兼收/社科类 (通常含法学、外国语、教育等),2024,34851,见招生目录
喀什大学,201组：理工类核心专业 (通常含计算机、电子、自动化、经管等),2024,44071,物理+化学
喀什大学,203组：特色/医学/实验班/地方专项,2024,42062,见招生目录
伊犁师范大学,201组：理工类核心专业 (通常含计算机、电子、自动化、经管等),2024,43679,物理+化学
广伊犁师范大学,202组：文理兼收/社科类 (通常含法学、外国语、教育等),2024,43030,见招生目录
新疆和田学院,201组：理工类核心专业 (通常含计算机、电子、自动化、经管等),2024,47260,物理+化学
新疆和田学院,202组：文理兼收/社科类 (通常含法学、外国语、教育等),2024,45226,见招生目录
新疆财经大学,201组：理工类核心专业 (通常含计算机、电子、自动化、经管等),2024,43047,物理+化学
新疆财经大学,202组：文理兼收/社科类 (通常含法学、外国语、教育等),2024,44229,见招生目录
新疆艺术学院,201组：理工类核心专业 (通常含计算机、电子、自动化、经管等),2024,48439,物理+化学
天津城建大学,201组：理工类核心专业 (通常含计算机、电子、自动化、经管等),2024,43413,物理+化学
天津城建大学,202组：文理兼收/社科类 (通常含法学、外国语、教育等),2024,44779,见招生目录
天津城建大学(中外合作办学),203组：特色/医学/实验班/地方专项,2024,53556,见招生目录
天津城建大学(中外合作办学),204组：特色/医学/实验班/地方专项,2024,54013,见招生目录
天津城建大学,专业组:205 (请在招生目录中核对具体方向),2024,26602,见招生目录
吕梁学院,专业组:广201 (请在招生目录中核对具体方向),2024,46081,见招生目录
广东白云学院,专业组:218 (请在招生目录中核对具体方向),2024,58122,见招生目录
广东白云学院,专业组:219 (请在招生目录中核对具体方向),2024,59491,见招生目录
广东白云学院,专业组:220 (请在招生目录中核对具体方向),2024,62086,见招生目录
广东白云学院,专业组:221 (请在招生目录中核对具体方向),2024,74221,见招生目录
广东白云学院,专业组:222 (请在招生目录中核对具体方向),2024,71488,见招生目录
广东白云学院,专业组:223 (请在招生目录中核对具体方向),2024,71245,见招生目录
广东白云学院,专业组:224 (请在招生目录中核对具体方向),2024,68019,见招生目录
广东白云学院,专业组:225 (请在招生目录中核对具体方向),2024,68023,见招生目录
广东白云学院(学分互认),专业组:226 (请在招生目录中核对具体方向),2024,91134,见招生目录
广东轻工职业技术大学,204组：特色/医学/实验班/地方专项,2024,40424,见招生目录
辽宁对外经贸学院,201组：理工类核心专业 (通常含计算机、电子、自动化、经管等),2024,65116,物理+化学
江西科技学院,201组：理工类核心专业 (通常含计算机、电子、自动化、经管等),2024,47922,物理+化学
南京工业职业技术大学,专业组:院201 (请在招生目录中核对具体方向),2024,39535,见招生目录
上海工程技术大学,201组：理工类核心专业 (通常含计算机、电子、自动化、经管等),2024,22147,物理+化学
上海工程技术大学,202组：文理兼收/社科类 (通常含法学、外国语、教育等),2024,23926,见招生目录
浙江万里学院(中外合作办学),202组：文理兼收/社科类 (通常含法学、外国语、教育等),2024,47594,见招生目录
萍乡学院,201组：理工类核心专业 (通常含计算机、电子、自动化、经管等),2024,42643,物理+化学
考山东工艺美术学院,201组：理工类核心专业 (通常含计算机、电子、自动化、经管等),2024,46701,物理+化学
平顶山学院,201组：理工类核心专业 (通常含计算机、电子、自动化、经管等),2024,45753,物理+化学
湖北理工学院,201组：理工类核心专业 (通常含计算机、电子、自动化、经管等),2024,38698,物理+化学
育湖北理工学院,202组：文理兼收/社科类 (通常含法学、外国语、教育等),2024,39610,见招生目录
吉林外国语大学,201组：理工类核心专业 (通常含计算机、电子、自动化、经管等),2024,56211,物理+化学
吉林外国语大学(中外合作办学),202组：文理兼收/社科类 (通常含法学、外国语、教育等),2024,65317,见招生目录
教六盘水师范学院,201组：理工类核心专业 (通常含计算机、电子、自动化、经管等),2024,41842,物理+化学
昌吉学院,201组：理工类核心专业 (通常含计算机、电子、自动化、经管等),2024,44589,物理+化学
昌吉学院,202组：文理兼收/社科类 (通常含法学、外国语、教育等),2024,43224,见招生目录
省上海立信会计金融学院,201组：理工类核心专业 (通常含计算机、电子、自动化、经管等),2024,20795,物理+化学
金陵科技学院,201组：理工类核心专业 (通常含计算机、电子、自动化、经管等),2024,36093,物理+化学
徐州工程学院,201组：理工类核心专业 (通常含计算机、电子、自动化、经管等),2024,35206,物理+化学
徐州工程学院,202组：文理兼收/社科类 (通常含法学、外国语、教育等),2024,39588,见招生目录
浙江科技大学,201组：理工类核心专业 (通常含计算机、电子、自动化、经管等),2024,30361,物理+化学
厦门理工学院,专业组:育201 (请在招生目录中核对具体方向),2024,22221,见招生目录
厦门理工学院,202组：文理兼收/社科类 (通常含法学、外国语、教育等),2024,23668,见招生目录
青岛大学,201组：理工类核心专业 (通常含计算机、电子、自动化、经管等),2024,31677,物理+化学
烟台大学,专业组:教201 (请在招生目录中核对具体方向),2024,32925,见招生目录
烟台大学,202组：文理兼收/社科类 (通常含法学、外国语、教育等),2024,23967,见招生目录
省潍坊学院,201组：理工类核心专业 (通常含计算机、电子、自动化、经管等),2024,40458,物理+化学
潍坊学院,202组：文理兼收/社科类 (通常含法学、外国语、教育等),2024,42519,见招生目录
洛阳理工学院,201组：理工类核心专业 (通常含计算机、电子、自动化、经管等),2024,43086,物理+化学
江汉大学,201组：理工类核心专业 (通常含计算机、电子、自动化、经管等),2024,24688,物理+化学
广三峡大学,201组：理工类核心专业 (通常含计算机、电子、自动化、经管等),2024,29443,物理+化学
长沙学院,201组：理工类核心专业 (通常含计算机、电子、自动化、经管等),2024,30718,物理+化学
长沙学院,202组：文理兼收/社科类 (通常含法学、外国语、教育等),2024,28255,见招生目录
长沙学院,203组：特色/医学/实验班/地方专项,2024,37298,见招生目录
广州大学,专业组:211 (请在招生目录中核对具体方向),2024,11288,见招生目录
广州大学,专业组:212 (请在招生目录中核对具体方向),2024,11983,见招生目录
广州大学,专业组:213 (请在招生目录中核对具体方向),2024,10647,见招生目录
广州大学,专业组:214 (请在招生目录中核对具体方向),2024,18134,见招生目录
广州大学(中外合作办学),215组：高收费/中外合作办学专业,2024,28042,见招生目录
广州大学(地方专项),专业组:222 (请在招生目录中核对具体方向),2024,23314,见招生目录
广州大学(地方专项),专业组:223 (请在招生目录中核对具体方向),2024,10765,见招生目录
成都大学,专业组:广201 (请在招生目录中核对具体方向),2024,16051,见招生目录
成都大学(中外合作办学),202组：文理兼收/社科类 (通常含法学、外国语、教育等),2024,27735,见招生目录
成都大学,203组：特色/医学/实验班/地方专项,2024,15260,见招生目录
成都大学,专业组:216 (请在招生目录中核对具体方向),2024,22236,见招生目录
西安文理学院,201组：理工类核心专业 (通常含计算机、电子、自动化、经管等),2024,32332,物理+化学
海南热带海洋学院,201组：理工类核心专业 (通常含计算机、电子、自动化、经管等),2024,41798,物理+化学
海南热带海洋学院,202组：文理兼收/社科类 (通常含法学、外国语、教育等),2024,39136,见招生目录
海南热带海洋学院(中外合作办学),203组：特色/医学/实验班/地方专项,2024,51318,见招生目录
华北科技学院,201组：理工类核心专业 (通常含计算机、电子、自动化、经管等),2024,42780,物理+化学
华北科技学院,202组：文理兼收/社科类 (通常含法学、外国语、教育等),2024,27107,见招生目录
华北科技学院,203组：特色/医学/实验班/地方专项,2024,42682,见招生目录
广州航海学院,专业组:211 (请在招生目录中核对具体方向),2024,37317,见招生目录
广州航海学院(联合培养),专业组:212 (请在招生目录中核对具体方向),2024,46008,见招生目录
广州航海学院(联合培养),专业组:院213 (请在招生目录中核对具体方向),2024,47174,见招生目录
广东警官学院,202组：文理兼收/社科类 (通常含法学、外国语、教育等),2024,22374,见招生目录
扬州大学,201组：理工类核心专业 (通常含计算机、电子、自动化、经管等),2024,18829,物理+化学
三江学院,201组：理工类核心专业 (通常含计算机、电子、自动化、经管等),2024,55375,物理+化学
三江学院,202组：文理兼收/社科类 (通常含法学、外国语、教育等),2024,50867,见招生目录
考中华女子学院,201组：理工类核心专业 (通常含计算机、电子、自动化、经管等),2024,29830,物理+化学
齐齐哈尔医学院,201组：理工类核心专业 (通常含计算机、电子、自动化、经管等),2024,43452,物理+化学
齐齐哈尔医学院,202组：文理兼收/社科类 (通常含法学、外国语、教育等),2024,40122,见招生目录
育齐齐哈尔医学院,203组：特色/医学/实验班/地方专项,2024,44171,见招生目录
太原学院,201组：理工类核心专业 (通常含计算机、电子、自动化、经管等),2024,43766,物理+化学
太原学院,202组：文理兼收/社科类 (通常含法学、外国语、教育等),2024,45989,见招生目录
教太原学院,203组：特色/医学/实验班/地方专项,2024,42274,见招生目录
吉林工商学院,201组：理工类核心专业 (通常含计算机、电子、自动化、经管等),2024,44297,物理+化学
南京工程学院,201组：理工类核心专业 (通常含计算机、电子、自动化、经管等),2024,28610,物理+化学
省南京审计大学,201组：理工类核心专业 (通常含计算机、电子、自动化、经管等),2024,18146,物理+化学
南京审计大学,202组：文理兼收/社科类 (通常含法学、外国语、教育等),2024,10752,见招生目录
南京审计大学(中外合作办学),203组：特色/医学/实验班/地方专项,2024,9186,见招生目录
三明学院,201组：理工类核心专业 (通常含计算机、电子、自动化、经管等),2024,28215,物理+化学
三明学院,202组：文理兼收/社科类 (通常含法学、外国语、教育等),2024,24219,见招生目录
三明学院,专业组:育203 (请在招生目录中核对具体方向),2024,39653,见招生目录
江西科技师范大学,201组：理工类核心专业 (通常含计算机、电子、自动化、经管等),2024,20711,物理+化学
江西科技师范大学,202组：文理兼收/社科类 (通常含法学、外国语、教育等),2024,36146,见招生目录
江西科技师范大学,专业组:教203 (请在招生目录中核对具体方向),2024,18349,见招生目录
江西科技师范大学,204组：特色/医学/实验班/地方专项,2024,34277,见招生目录
省南昌工程学院,202组：文理兼收/社科类 (通常含法学、外国语、教育等),2024,41275,见招生目录
信阳农林学院,201组：理工类核心专业 (通常含计算机、电子、自动化、经管等),2024,43578,物理+化学
安阳工学院,201组：理工类核心专业 (通常含计算机、电子、自动化、经管等),2024,44558,物理+化学
荆楚理工学院,201组：理工类核心专业 (通常含计算机、电子、自动化、经管等),2024,42988,物理+化学
广湖南工程学院,201组：理工类核心专业 (通常含计算机、电子、自动化、经管等),2024,39484,物理+化学
仲恺农业工程学院,专业组:208 (请在招生目录中核对具体方向),2024,36463,见招生目录
仲恺农业工程学院,专业组:209 (请在招生目录中核对具体方向),2024,33849,见招生目录
五邑大学,专业组:210 (请在招生目录中核对具体方向),2024,34551,见招生目录
五邑大学,专业组:211 (请在招生目录中核对具体方向),2024,28674,见招生目录
梧州学院,201组：理工类核心专业 (通常含计算机、电子、自动化、经管等),2024,41165,物理+化学
攀枝花学院,201组：理工类核心专业 (通常含计算机、电子、自动化、经管等),2024,42566,物理+化学
玉溪师范学院,201组：理工类核心专业 (通常含计算机、电子、自动化、经管等),2024,42026,物理+化学
云南警官学院,201组：理工类核心专业 (通常含计算机、电子、自动化、经管等),2024,27707,物理+化学
昆明学院,201组：理工类核心专业 (通常含计算机、电子、自动化、经管等),2024,32814,物理+化学
昆明学院,202组：文理兼收/社科类 (通常含法学、外国语、教育等),2024,43585,见招生目录
商洛学院,专业组:广201 (请在招生目录中核对具体方向),2024,39825,见招生目录
商洛学院,202组：文理兼收/社科类 (通常含法学、外国语、教育等),2024,43715,见招生目录
西安培华学院,201组：理工类核心专业 (通常含计算机、电子、自动化、经管等),2024,56078,物理+化学
西安培华学院,202组：文理兼收/社科类 (通常含法学、外国语、教育等),2024,50913,见招生目录
西安培华学院,专业组:208 (请在招生目录中核对具体方向),2024,96013,见招生目录
甘肃政法大学,201组：理工类核心专业 (通常含计算机、电子、自动化、经管等),2024,21676,物理+化学
甘肃政法大学,202组：文理兼收/社科类 (通常含法学、外国语、教育等),2024,25937,见招生目录
北方民族大学,201组：理工类核心专业 (通常含计算机、电子、自动化、经管等),2024,33614,物理+化学
中国石油大学(北京),201组：理工类核心专业 (通常含计算机、电子、自动化、经管等),2024,6164,物理+化学
中国石油大学(北京),202组：文理兼收/社科类 (通常含法学、外国语、教育等),2024,4293,见招生目录
中国地质大学(北京),201组：理工类核心专业 (通常含计算机、电子、自动化、经管等),2024,5288,物理+化学
中国地质大学(北京),202组：文理兼收/社科类 (通常含法学、外国语、教育等),2024,4620,见招生目录
北京联合大学,201组：理工类核心专业 (通常含计算机、电子、自动化、经管等),2024,23577,物理+化学
北京城市学院,专业组:院201 (请在招生目录中核对具体方向),2024,58108,见招生目录
河北金融学院,201组：理工类核心专业 (通常含计算机、电子、自动化、经管等),2024,44176,物理+化学
河北金融学院(中外合作办学),202组：文理兼收/社科类 (通常含法学、外国语、教育等),2024,47139,见招生目录
吉林农业科技学院,201组：理工类核心专业 (通常含计算机、电子、自动化、经管等),2024,44143,物理+化学
南京晓庄学院,201组：理工类核心专业 (通常含计算机、电子、自动化、经管等),2024,37245,物理+化学
考南京晓庄学院,202组：文理兼收/社科类 (通常含法学、外国语、教育等),2024,35592,见招生目录
江苏理工学院,201组：理工类核心专业 (通常含计算机、电子、自动化、经管等),2024,38742,物理+化学
浙江财经大学,201组：理工类核心专业 (通常含计算机、电子、自动化、经管等),2024,13637,物理+化学
育浙江财经大学(中外合作办学),202组：文理兼收/社科类 (通常含法学、外国语、教育等),2024,12679,见招生目录
浙江财经大学(中外合作办学),206组：高收费/中外合作办学专业,2024,17534,见招生目录
浙江财经大学(中外合作办学),207组：高收费/中外合作办学专业,2024,33391,见招生目录
教江西警察学院,201组：理工类核心专业 (通常含计算机、电子、自动化、经管等),2024,27172,物理+化学
新余学院,201组：理工类核心专业 (通常含计算机、电子、自动化、经管等),2024,42505,物理+化学
新余学院,202组：文理兼收/社科类 (通常含法学、外国语、教育等),2024,35875,见招生目录
省河南工程学院,201组：理工类核心专业 (通常含计算机、电子、自动化、经管等),2024,42879,物理+化学
湖南城市学院,201组：理工类核心专业 (通常含计算机、电子、自动化、经管等),2024,37765,物理+化学
湖南城市学院,202组：文理兼收/社科类 (通常含法学、外国语、教育等),2024,40829,见招生目录
湖南城市学院,203组：特色/医学/实验班/地方专项,2024,42205,见招生目录
湖南财政经济学院,201组：理工类核心专业 (通常含计算机、电子、自动化、经管等),2024,33262,物理+化学
湖南警察学院,专业组:育201 (请在招生目录中核对具体方向),2024,23998,见招生目录
湖南警察学院,202组：文理兼收/社科类 (通常含法学、外国语、教育等),2024,31163,见招生目录
湖南工业大学,201组：理工类核心专业 (通常含计算机、电子、自动化、经管等),2024,26333,物理+化学
湖南女子学院,专业组:教201 (请在招生目录中核对具体方向),2024,42653,见招生目录
广东金融学院,专业组:211 (请在招生目录中核对具体方向),2024,24224,见招生目录
省广东金融学院,专业组:213 (请在招生目录中核对具体方向),2024,31191,见招生目录
广东金融学院,专业组:214 (请在招生目录中核对具体方向),2024,37741,见招生目录
广东金融学院(地方专项),专业组:230 (请在招生目录中核对具体方向),2024,28801,见招生目录
电子科技大学中山学院,专业组:205 (请在招生目录中核对具体方向),2024,56386,见招生目录
广广西科技师范学院,201组：理工类核心专业 (通常含计算机、电子、自动化、经管等),2024,41909,物理+化学
广西财经学院,201组：理工类核心专业 (通常含计算机、电子、自动化、经管等),2024,36453,物理+化学
南宁学院,201组：理工类核心专业 (通常含计算机、电子、自动化、经管等),2024,47114,物理+化学
重庆科技大学,201组：理工类核心专业 (通常含计算机、电子、自动化、经管等),2024,29487,物理+化学
西安财经大学,201组：理工类核心专业 (通常含计算机、电子、自动化、经管等),2024,23348,物理+化学
西安财经大学,202组：文理兼收/社科类 (通常含法学、外国语、教育等),2024,35311,见招生目录
湖北经济学院,201组：理工类核心专业 (通常含计算机、电子、自动化、经管等),2024,27203,物理+化学
湖北经济学院,202组：文理兼收/社科类 (通常含法学、外国语、教育等),2024,26850,见招生目录
北部湾大学,201组：理工类核心专业 (通常含计算机、电子、自动化、经管等),2024,31902,物理+化学
北部湾大学,202组：文理兼收/社科类 (通常含法学、外国语、教育等),2024,41050,见招生目录
北部湾大学,203组：特色/医学/实验班/地方专项,2024,29622,见招生目录
北部湾大学,专业组:广204 (请在招生目录中核对具体方向),2024,34443,见招生目录
北华航天工业学院,201组：理工类核心专业 (通常含计算机、电子、自动化、经管等),2024,43666,物理+化学
江苏海洋大学,201组：理工类核心专业 (通常含计算机、电子、自动化、经管等),2024,31442,物理+化学
宁波大学,201组：理工类核心专业 (通常含计算机、电子、自动化、经管等),2024,5389,物理+化学
宁波大学,202组：文理兼收/社科类 (通常含法学、外国语、教育等),2024,8118,见招生目录
浙江传媒学院,201组：理工类核心专业 (通常含计算机、电子、自动化、经管等),2024,20469,物理+化学
浙江传媒学院,202组：文理兼收/社科类 (通常含法学、外国语、教育等),2024,17573,见招生目录
浙江传媒学院(中外合作办学),203组：特色/医学/实验班/地方专项,2024,21184,见招生目录
浙江传媒学院,专业组:213 (请在招生目录中核对具体方向),2024,23586,见招生目录
河南财政金融学院,201组：理工类核心专业 (通常含计算机、电子、自动化、经管等),2024,43601,物理+化学
河南财政金融学院,202组：文理兼收/社科类 (通常含法学、外国语、教育等),2024,41477,见招生目录
南阳理工学院,201组：理工类核心专业 (通常含计算机、电子、自动化、经管等),2024,43054,物理+化学
南阳理工学院,202组：文理兼收/社科类 (通常含法学、外国语、教育等),2024,43376,见招生目录
南阳理工学院,专业组:院203 (请在招生目录中核对具体方向),2024,43459,见招生目录
南阳理工学院,204组：特色/医学/实验班/地方专项,2024,43205,见招生目录
广东石油化工学院,专业组:209 (请在招生目录中核对具体方向),2024,38962,见招生目录
广东石油化工学院,专业组:211 (请在招生目录中核对具体方向),2024,41378,见招生目录
广东石油化工学院,专业组:212 (请在招生目录中核对具体方向),2024,39972,见招生目录
考广东石油化工学院,专业组:213 (请在招生目录中核对具体方向),2024,40749,见招生目录
海南师范大学,201组：理工类核心专业 (通常含计算机、电子、自动化、经管等),2024,13477,物理+化学
海南师范大学(中外合作办学),202组：文理兼收/社科类 (通常含法学、外国语、教育等),2024,38866,见招生目录
育海南师范大学,203组：特色/医学/实验班/地方专项,2024,21876,见招生目录
海南师范大学,204组：特色/医学/实验班/地方专项,2024,25653,见招生目录
海南师范大学,专业组:205 (请在招生目录中核对具体方向),2024,21796,见招生目录
教海南师范大学,专业组:206 (请在招生目录中核对具体方向),2024,16859,见招生目录
海南师范大学,专业组:207 (请在招生目录中核对具体方向),2024,19060,见招生目录
海南师范大学,专业组:222 (请在招生目录中核对具体方向),2024,31302,见招生目录
省重庆理工大学,201组：理工类核心专业 (通常含计算机、电子、自动化、经管等),2024,23280,物理+化学
重庆理工大学,202组：文理兼收/社科类 (通常含法学、外国语、教育等),2024,23338,见招生目录
重庆理工大学,203组：特色/医学/实验班/地方专项,2024,22849,见招生目录
西安邮电大学,201组：理工类核心专业 (通常含计算机、电子、自动化、经管等),2024,23259,物理+化学
西安邮电大学,202组：文理兼收/社科类 (通常含法学、外国语、教育等),2024,27455,见招生目录
西安邮电大学(本科预科班),专业组:育207 (请在招生目录中核对具体方向),2024,108694,见招生目录
山东工商学院,201组：理工类核心专业 (通常含计算机、电子、自动化、经管等),2024,44373,物理+化学
山东工商学院,202组：文理兼收/社科类 (通常含法学、外国语、教育等),2024,37006,见招生目录
山东工商学院,专业组:教203 (请在招生目录中核对具体方向),2024,38026,见招生目录
长春大学,201组：理工类核心专业 (通常含计算机、电子、自动化、经管等),2024,40101,物理+化学
省长春大学,203组：特色/医学/实验班/地方专项,2024,38675,见招生目录
贵州商学院,201组：理工类核心专业 (通常含计算机、电子、自动化、经管等),2024,44405,物理+化学
河南城建学院,201组：理工类核心专业 (通常含计算机、电子、自动化、经管等),2024,45859,物理+化学
防灾科技学院,201组：理工类核心专业 (通常含计算机、电子、自动化、经管等),2024,41776,物理+化学
广防灾科技学院,202组：文理兼收/社科类 (通常含法学、外国语、教育等),2024,40917,见招生目录
防灾科技学院,203组：特色/医学/实验班/地方专项,2024,42465,见招生目录
武汉东湖学院,201组：理工类核心专业 (通常含计算机、电子、自动化、经管等),2024,60325,物理+化学
武汉东湖学院,202组：文理兼收/社科类 (通常含法学、外国语、教育等),2024,55799,见招生目录
重庆工商大学,201组：理工类核心专业 (通常含计算机、电子、自动化、经管等),2024,23176,物理+化学
重庆工商大学,202组：文理兼收/社科类 (通常含法学、外国语、教育等),2024,18660,见招生目录
重庆工商大学(联合培养),203组：特色/医学/实验班/地方专项,2024,30977,见招生目录
汉口学院,201组：理工类核心专业 (通常含计算机、电子、自动化、经管等),2024,55809,物理+化学
汉口学院,202组：文理兼收/社科类 (通常含法学、外国语、教育等),2024,54097,见招生目录
黑龙江工程学院,201组：理工类核心专业 (通常含计算机、电子、自动化、经管等),2024,43732,物理+化学
黑龙江工程学院,202组：文理兼收/社科类 (通常含法学、外国语、教育等),2024,44708,见招生目录
海南医科大学,专业组:广201 (请在招生目录中核对具体方向),2024,34227,见招生目录
东莞理工学院,专业组:206 (请在招生目录中核对具体方向),2024,30716,见招生目录
东莞理工学院,专业组:207 (请在招生目录中核对具体方向),2024,41070,见招生目录
东莞理工学院(粤台联合培养),专业组:218 (请在招生目录中核对具体方向),2024,36177,见招生目录
桂林航天工业学院,201组：理工类核心专业 (通常含计算机、电子、自动化、经管等),2024,42374,物理+化学
上海杉达学院,201组：理工类核心专业 (通常含计算机、电子、自动化、经管等),2024,49952,物理+化学
上海杉达学院(中外合作办学),202组：文理兼收/社科类 (通常含法学、外国语、教育等),2024,54693,见招生目录
黄河科技学院,201组：理工类核心专业 (通常含计算机、电子、自动化、经管等),2024,51131,物理+化学
上海政法学院,201组：理工类核心专业 (通常含计算机、电子、自动化、经管等),2024,11675,物理+化学
上海政法学院,202组：文理兼收/社科类 (通常含法学、外国语、教育等),2024,9787,见招生目录
上海政法学院,203组：特色/医学/实验班/地方专项,2024,5993,见招生目录
桂林旅游学院,201组：理工类核心专业 (通常含计算机、电子、自动化、经管等),2024,42370,物理+化学
桂林旅游学院,202组：文理兼收/社科类 (通常含法学、外国语、教育等),2024,42498,见招生目录
桂林旅游学院(中外合作办学),院203组：高收费/中外合作办学专业,2024,55687,见招生目录
桂林旅游学院,204组：特色/医学/实验班/地方专项,2024,41762,见招生目录
贺州学院,201组：理工类核心专业 (通常含计算机、电子、自动化、经管等),2024,41714,物理+化学
广东工业大学,专业组:200 (请在招生目录中核对具体方向),2024,20562,见招生目录
广东工业大学,201组：理工类核心专业 (通常含计算机、电子、自动化、经管等),2024,21187,物理+化学
考广东工业大学,202组：文理兼收/社科类 (通常含法学、外国语、教育等),2024,20426,见招生目录
广东工业大学,203组：特色/医学/实验班/地方专项,2024,20729,见招生目录
广东工业大学,204组：特色/医学/实验班/地方专项,2024,15037,见招生目录
育广东工业大学,专业组:205 (请在招生目录中核对具体方向),2024,20411,见招生目录
广东工业大学(学分互认),专业组:261 (请在招生目录中核对具体方向),2024,34934,见招生目录
广东工业大学(学分互认),专业组:264 (请在招生目录中核对具体方向),2024,37923,见招生目录
教广东工业大学(学分互认),专业组:266 (请在招生目录中核对具体方向),2024,30698,见招生目录
广东工业大学(学分互认),专业组:268 (请在招生目录中核对具体方向),2024,23281,见招生目录
广东工业大学(地方专项),专业组:271 (请在招生目录中核对具体方向),2024,31754,见招生目录
省广东外语外贸大学,201组：理工类核心专业 (通常含计算机、电子、自动化、经管等),2024,13341,物理+化学
广东外语外贸大学,202组：文理兼收/社科类 (通常含法学、外国语、教育等),2024,13797,见招生目录
广东外语外贸大学,203组：特色/医学/实验班/地方专项,2024,14555,见招生目录
广东外语外贸大学,204组：特色/医学/实验班/地方专项,2024,12256,见招生目录
广东外语外贸大学,专业组:205 (请在招生目录中核对具体方向),2024,12443,见招生目录
广东外语外贸大学(合作办学),专业组:育206 (请在招生目录中核对具体方向),2024,21651,见招生目录
广东外语外贸大学(地方专项),专业组:207 (请在招生目录中核对具体方向),2024,28950,见招生目录
佛山大学(原佛山科学技术学院),专业组:219 (请在招生目录中核对具体方向),2024,22942,见招生目录
佛山大学(原佛山科学技术学院),专业组:教220 (请在招生目录中核对具体方向),2024,17374,见招生目录
佛山大学(原佛山科学技术学院),专业组:221 (请在招生目录中核对具体方向),2024,20751,见招生目录
省佛山大学(原佛山科学技术学院)(联合培,专业组:养 223 (请在招生目录中核对具体方向),2024,43925,见招生目录
佛山大学(原佛山科学技术学院)(地方专,专业组:项 226 (请在招生目录中核对具体方向),2024,33125,见招生目录
大连民族大学,201组：理工类核心专业 (通常含计算机、电子、自动化、经管等),2024,42883,物理+化学
广上海第二工业大学,201组：理工类核心专业 (通常含计算机、电子、自动化、经管等),2024,25471,物理+化学
南京特殊教育师范学院,201组：理工类核心专业 (通常含计算机、电子、自动化、经管等),2024,22066,物理+化学
南京特殊教育师范学院,202组：文理兼收/社科类 (通常含法学、外国语、教育等),2024,21403,见招生目录
南京特殊教育师范学院,203组：特色/医学/实验班/地方专项,2024,29302,见招生目录
上海商学院,201组：理工类核心专业 (通常含计算机、电子、自动化、经管等),2024,28643,物理+化学
南通理工学院,201组：理工类核心专业 (通常含计算机、电子、自动化、经管等),2024,58787,物理+化学
广东培正学院,203组：特色/医学/实验班/地方专项,2024,71172,见招生目录
广东培正学院(学分互认),专业组:205 (请在招生目录中核对具体方向),2024,83220,见招生目录
贵州警察学院,201组：理工类核心专业 (通常含计算机、电子、自动化、经管等),2024,31264,物理+化学
南方医科大学,专业组:205 (请在招生目录中核对具体方向),2024,14665,见招生目录
南方医科大学(地方专项),专业组:212 (请在招生目录中核对具体方向),2024,29364,见招生目录
湖南医药学院,专业组:广201 (请在招生目录中核对具体方向),2024,36074,见招生目录
安徽新华学院,201组：理工类核心专业 (通常含计算机、电子、自动化、经管等),2024,53518,物理+化学
湖南涉外经济学院,201组：理工类核心专业 (通常含计算机、电子、自动化、经管等),2024,62373,物理+化学
海口经济学院,201组：理工类核心专业 (通常含计算机、电子、自动化、经管等),2024,84290,物理+化学
海口经济学院,202组：文理兼收/社科类 (通常含法学、外国语、教育等),2024,96155,见招生目录
武昌首义学院,201组：理工类核心专业 (通常含计算机、电子、自动化、经管等),2024,47407,物理+化学
武昌理工学院,201组：理工类核心专业 (通常含计算机、电子、自动化、经管等),2024,54651,物理+化学
烟台南山学院,201组：理工类核心专业 (通常含计算机、电子、自动化、经管等),2024,52172,物理+化学
武汉生物工程学院,201组：理工类核心专业 (通常含计算机、电子、自动化、经管等),2024,48827,物理+化学
中国劳动关系学院,201组：理工类核心专业 (通常含计算机、电子、自动化、经管等),2024,26749,物理+化学
宁夏理工学院,201组：理工类核心专业 (通常含计算机、电子、自动化、经管等),2024,55096,物理+化学
宁夏理工学院,202组：文理兼收/社科类 (通常含法学、外国语、教育等),2024,52716,见招生目录
云南经济管理学院,201组：理工类核心专业 (通常含计算机、电子、自动化、经管等),2024,55091,物理+化学
广东东软学院,专业组:院219 (请在招生目录中核对具体方向),2024,65868,见招生目录
广东东软学院,专业组:220 (请在招生目录中核对具体方向),2024,71088,见招生目录
广东东软学院,专业组:221 (请在招生目录中核对具体方向),2024,68700,见招生目录
广东东软学院,专业组:223 (请在招生目录中核对具体方向),2024,71511,见招生目录
广东东软学院,专业组:224 (请在招生目录中核对具体方向),2024,74152,见招生目录
考上海立达学院,201组：理工类核心专业 (通常含计算机、电子、自动化、经管等),2024,89556,物理+化学
重庆工程学院,201组：理工类核心专业 (通常含计算机、电子、自动化、经管等),2024,48365,物理+化学
广州城市理工学院,204组：特色/医学/实验班/地方专项,2024,50073,见招生目录
育广州软件学院,专业组:210 (请在招生目录中核对具体方向),2024,64844,见招生目录
广州软件学院,专业组:211 (请在招生目录中核对具体方向),2024,69807,见招生目录
广州软件学院(国际班),专业组:212 (请在招生目录中核对具体方向),2024,77430,见招生目录
教广州南方学院,201组：理工类核心专业 (通常含计算机、电子、自动化、经管等),2024,57564,物理+化学
广州南方学院,202组：文理兼收/社科类 (通常含法学、外国语、教育等),2024,96236,见招生目录
广州南方学院(联合培养),203组：特色/医学/实验班/地方专项,2024,82155,见招生目录
省广东外语外贸大学南国商学院,专业组:211 (请在招生目录中核对具体方向),2024,60695,见招生目录
广东外语外贸大学南国商学院,专业组:212 (请在招生目录中核对具体方向),2024,61089,见招生目录
广东外语外贸大学南国商学院,专业组:213 (请在招生目录中核对具体方向),2024,58085,见招生目录
广东外语外贸大学南国商学院,专业组:214 (请在招生目录中核对具体方向),2024,61882,见招生目录
广东外语外贸大学南国商学院,专业组:215 (请在招生目录中核对具体方向),2024,66024,见招生目录
广东外语外贸大学南国商学院(联合培养,专业组:育) 231 (请在招生目录中核对具体方向),2024,79704,见招生目录
广州华商学院,201组：理工类核心专业 (通常含计算机、电子、自动化、经管等),2024,88427,物理+化学
广州华商学院,202组：文理兼收/社科类 (通常含法学、外国语、教育等),2024,86974,见招生目录
广州华商学院,专业组:教203 (请在招生目录中核对具体方向),2024,76883,见招生目录
广州华商学院(学分互认),204组：特色/医学/实验班/地方专项,2024,95568,见招生目录
省湛江科技学院,204组：特色/医学/实验班/地方专项,2024,96229,见招生目录
湛江科技学院,专业组:205 (请在招生目录中核对具体方向),2024,93911,见招生目录
华南农业大学珠江学院,专业组:209 (请在招生目录中核对具体方向),2024,96151,见招生目录
华南农业大学珠江学院,专业组:210 (请在招生目录中核对具体方向),2024,83743,见招生目录
广成都东软学院,201组：理工类核心专业 (通常含计算机、电子、自动化、经管等),2024,49507,物理+化学
湖南科技大学潇湘学院,201组：理工类核心专业 (通常含计算机、电子、自动化、经管等),2024,42627,物理+化学
南华大学船山学院,201组：理工类核心专业 (通常含计算机、电子、自动化、经管等),2024,46657,物理+化学
湘潭理工学院,201组：理工类核心专业 (通常含计算机、电子、自动化、经管等),2024,48956,物理+化学
湖南农业大学东方科技学院,201组：理工类核心专业 (通常含计算机、电子、自动化、经管等),2024,45428,物理+化学
中南林业科技大学涉外学院,201组：理工类核心专业 (通常含计算机、电子、自动化、经管等),2024,48466,物理+化学
湖南文理学院芙蓉学院,201组：理工类核心专业 (通常含计算机、电子、自动化、经管等),2024,43022,物理+化学
湖南文理学院芙蓉学院,202组：文理兼收/社科类 (通常含法学、外国语、教育等),2024,46115,见招生目录
湖南理工学院南湖学院,201组：理工类核心专业 (通常含计算机、电子、自动化、经管等),2024,45511,物理+化学
衡阳师范学院南岳学院,201组：理工类核心专业 (通常含计算机、电子、自动化、经管等),2024,40796,物理+化学
湖南中医药大学湘杏学院,201组：理工类核心专业 (通常含计算机、电子、自动化、经管等),2024,78519,物理+化学
张家界学院,专业组:广201 (请在招生目录中核对具体方向),2024,53718,见招生目录
广州理工学院,203组：特色/医学/实验班/地方专项,2024,93383,见招生目录
东南大学成贤学院,201组：理工类核心专业 (通常含计算机、电子、自动化、经管等),2024,47605,物理+化学
厦门华厦学院,201组：理工类核心专业 (通常含计算机、电子、自动化、经管等),2024,47779,物理+化学
厦门华厦学院,202组：文理兼收/社科类 (通常含法学、外国语、教育等),2024,60398,见招生目录
闽南理工学院,201组：理工类核心专业 (通常含计算机、电子、自动化、经管等),2024,52225,物理+化学
西安欧亚学院,201组：理工类核心专业 (通常含计算机、电子、自动化、经管等),2024,62016,物理+化学
西安外事学院,201组：理工类核心专业 (通常含计算机、电子、自动化、经管等),2024,55094,物理+化学
西安外事学院,202组：文理兼收/社科类 (通常含法学、外国语、教育等),2024,60702,见招生目录
西安翻译学院,201组：理工类核心专业 (通常含计算机、电子、自动化、经管等),2024,70430,物理+化学
西京学院,201组：理工类核心专业 (通常含计算机、电子、自动化、经管等),2024,56943,物理+化学
西京学院,202组：文理兼收/社科类 (通常含法学、外国语、教育等),2024,52514,见招生目录
西京学院,203组：特色/医学/实验班/地方专项,2024,58179,见招生目录
郑州工业应用技术学院,专业组:院201 (请在招生目录中核对具体方向),2024,54212,见招生目录
江西工程学院,201组：理工类核心专业 (通常含计算机、电子、自动化、经管等),2024,49528,物理+化学
山西应用科技学院,201组：理工类核心专业 (通常含计算机、电子、自动化、经管等),2024,51418,物理+化学
河北传媒学院,201组：理工类核心专业 (通常含计算机、电子、自动化、经管等),2024,75895,物理+化学
浙江越秀外国语学院,201组：理工类核心专业 (通常含计算机、电子、自动化、经管等),2024,59918,物理+化学
考浙江越秀外国语学院,202组：文理兼收/社科类 (通常含法学、外国语、教育等),2024,69032,见招生目录
南昌理工学院,201组：理工类核心专业 (通常含计算机、电子、自动化、经管等),2024,51109,物理+化学
南昌理工学院,202组：文理兼收/社科类 (通常含法学、外国语、教育等),2024,80434,见招生目录
育南昌理工学院,专业组:213 (请在招生目录中核对具体方向),2024,63896,见招生目录
上海建桥学院,201组：理工类核心专业 (通常含计算机、电子、自动化、经管等),2024,59624,物理+化学
吉利学院,201组：理工类核心专业 (通常含计算机、电子、自动化、经管等),2024,61074,物理+化学
教上海中侨职业技术大学,201组：理工类核心专业 (通常含计算机、电子、自动化、经管等),2024,78953,物理+化学
泉州职业技术大学,201组：理工类核心专业 (通常含计算机、电子、自动化、经管等),2024,56617,物理+化学
江西应用科技学院,201组：理工类核心专业 (通常含计算机、电子、自动化、经管等),2024,57036,物理+化学
省闽南科技学院,201组：理工类核心专业 (通常含计算机、电子、自动化、经管等),2024,55262,物理+化学
闽南科技学院,202组：文理兼收/社科类 (通常含法学、外国语、教育等),2024,53336,见招生目录
宁波财经学院,201组：理工类核心专业 (通常含计算机、电子、自动化、经管等),2024,60029,物理+化学
浙大城市学院,201组：理工类核心专业 (通常含计算机、电子、自动化、经管等),2024,18333,物理+化学
浙大城市学院,202组：文理兼收/社科类 (通常含法学、外国语、教育等),2024,24572,见招生目录
浙大宁波理工学院(中外合作办学),育201组：高收费/中外合作办学专业,2024,46548,见招生目录
安徽外国语学院,201组：理工类核心专业 (通常含计算机、电子、自动化、经管等),2024,62345,物理+化学
厦门工学院,201组：理工类核心专业 (通常含计算机、电子、自动化、经管等),2024,51482,物理+化学
西安思源学院,专业组:教201 (请在招生目录中核对具体方向),2024,46634,见招生目录
武汉晴川学院,201组：理工类核心专业 (通常含计算机、电子、自动化、经管等),2024,54947,物理+化学
省大连医科大学中山学院,201组：理工类核心专业 (通常含计算机、电子、自动化、经管等),2024,62165,物理+化学
辽宁师范大学海华学院,201组：理工类核心专业 (通常含计算机、电子、自动化、经管等),2024,58942,物理+化学
沈阳城市学院,201组：理工类核心专业 (通常含计算机、电子、自动化、经管等),2024,69892,物理+化学
湖北大学知行学院,201组：理工类核心专业 (通常含计算机、电子、自动化、经管等),2024,48172,物理+化学
广武汉城市学院,201组：理工类核心专业 (通常含计算机、电子、自动化、经管等),2024,54790,物理+化学
三峡大学科技学院,201组：理工类核心专业 (通常含计算机、电子、自动化、经管等),2024,46907,物理+化学
湖北工业大学工程技术学院,202组：文理兼收/社科类 (通常含法学、外国语、教育等),2024,51213,见招生目录
武汉工程大学邮电与信息工程学院,201组：理工类核心专业 (通常含计算机、电子、自动化、经管等),2024,51504,物理+化学
武汉纺织大学外经贸学院,201组：理工类核心专业 (通常含计算机、电子、自动化、经管等),2024,51783,物理+化学
武汉纺织大学外经贸学院,202组：文理兼收/社科类 (通常含法学、外国语、教育等),2024,58428,见招生目录
武昌工学院,201组：理工类核心专业 (通常含计算机、电子、自动化、经管等),2024,52073,物理+化学
武汉工商学院,201组：理工类核心专业 (通常含计算机、电子、自动化、经管等),2024,49496,物理+化学
武汉工商学院,202组：文理兼收/社科类 (通常含法学、外国语、教育等),2024,54625,见招生目录
长江大学文理学院,201组：理工类核心专业 (通常含计算机、电子、自动化、经管等),2024,47733,物理+化学
湖北商贸学院,专业组:广201 (请在招生目录中核对具体方向),2024,51168,见招生目录
湖北恩施学院,201组：理工类核心专业 (通常含计算机、电子、自动化、经管等),2024,54705,物理+化学
湖北恩施学院,202组：文理兼收/社科类 (通常含法学、外国语、教育等),2024,49172,见招生目录
湖北经济学院法商学院,201组：理工类核心专业 (通常含计算机、电子、自动化、经管等),2024,52242,物理+化学
武汉体育学院体育科技学院,201组：理工类核心专业 (通常含计算机、电子、自动化、经管等),2024,49870,物理+化学
湖北师范大学文理学院,201组：理工类核心专业 (通常含计算机、电子、自动化、经管等),2024,44865,物理+化学
湖北师范大学文理学院,202组：文理兼收/社科类 (通常含法学、外国语、教育等),2024,46904,见招生目录
文华学院,201组：理工类核心专业 (通常含计算机、电子、自动化、经管等),2024,47067,物理+化学
文华学院,202组：文理兼收/社科类 (通常含法学、外国语、教育等),2024,49905,见招生目录
浙江工商大学杭州商学院,201组：理工类核心专业 (通常含计算机、电子、自动化、经管等),2024,48307,物理+化学
浙江工商大学杭州商学院,202组：文理兼收/社科类 (通常含法学、外国语、教育等),2024,50244,见招生目录
黑龙江外国语学院,202组：文理兼收/社科类 (通常含法学、外国语、教育等),2024,91236,见招生目录
黑龙江工商学院,201组：理工类核心专业 (通常含计算机、电子、自动化、经管等),2024,67689,物理+化学
哈尔滨华德学院,专业组:院201 (请在招生目录中核对具体方向),2024,75235,见招生目录
山东协和学院,201组：理工类核心专业 (通常含计算机、电子、自动化、经管等),2024,59137,物理+化学
山东协和学院,202组：文理兼收/社科类 (通常含法学、外国语、教育等),2024,49559,见招生目录
滇池学院,202组：文理兼收/社科类 (通常含法学、外国语、教育等),2024,50939,见招生目录
丽江文化旅游学院,201组：理工类核心专业 (通常含计算机、电子、自动化、经管等),2024,54028,物理+化学
考丽江文化旅游学院,202组：文理兼收/社科类 (通常含法学、外国语、教育等),2024,51604,见招生目录
丽江文化旅游学院,203组：特色/医学/实验班/地方专项,2024,58057,见招生目录
育昆明城市学院,201组：理工类核心专业 (通常含计算机、电子、自动化、经管等),2024,54268,物理+化学
昆明医科大学海源学院,201组：理工类核心专业 (通常含计算机、电子、自动化、经管等),2024,49205,物理+化学
昆明医科大学海源学院,202组：文理兼收/社科类 (通常含法学、外国语、教育等),2024,45921,见招生目录
教青岛城市学院,201组：理工类核心专业 (通常含计算机、电子、自动化、经管等),2024,59834,物理+化学
山东石油化工学院,201组：理工类核心专业 (通常含计算机、电子、自动化、经管等),2024,43563,物理+化学
河北外国语学院,201组：理工类核心专业 (通常含计算机、电子、自动化、经管等),2024,57444,物理+化学
省华北理工大学轻工学院,201组：理工类核心专业 (通常含计算机、电子、自动化、经管等),2024,52415,物理+化学
河北医科大学临床学院,201组：理工类核心专业 (通常含计算机、电子、自动化、经管等),2024,42571,物理+化学
江西服装学院,201组：理工类核心专业 (通常含计算机、电子、自动化、经管等),2024,65425,物理+化学
南昌职业大学,201组：理工类核心专业 (通常含计算机、电子、自动化、经管等),2024,60661,物理+化学
南昌工学院,201组：理工类核心专业 (通常含计算机、电子、自动化、经管等),2024,58824,物理+化学
南昌大学科学技术学院,专业组:育201 (请在招生目录中核对具体方向),2024,43829,见招生目录
南昌交通学院,201组：理工类核心专业 (通常含计算机、电子、自动化、经管等),2024,49293,物理+化学
南昌交通学院,202组：文理兼收/社科类 (通常含法学、外国语、教育等),2024,50634,见招生目录
赣东学院,专业组:教201 (请在招生目录中核对具体方向),2024,41935,见招生目录
赣东学院,202组：文理兼收/社科类 (通常含法学、外国语、教育等),2024,41649,见招生目录
省赣南科技学院,201组：理工类核心专业 (通常含计算机、电子、自动化、经管等),2024,39998,物理+化学
赣南科技学院,202组：文理兼收/社科类 (通常含法学、外国语、教育等),2024,42546,见招生目录
景德镇艺术职业大学,202组：文理兼收/社科类 (通常含法学、外国语、教育等),2024,48504,见招生目录
江西农业大学南昌商学院,201组：理工类核心专业 (通常含计算机、电子、自动化、经管等),2024,44839,物理+化学
广江西农业大学南昌商学院,202组：文理兼收/社科类 (通常含法学、外国语、教育等),2024,47042,见招生目录
江西农业大学南昌商学院,203组：特色/医学/实验班/地方专项,2024,44970,见招生目录
南昌医学院,201组：理工类核心专业 (通常含计算机、电子、自动化、经管等),2024,42576,物理+化学
南昌医学院,202组：文理兼收/社科类 (通常含法学、外国语、教育等),2024,39117,见招生目录
江西师范大学科学技术学院,201组：理工类核心专业 (通常含计算机、电子、自动化、经管等),2024,44574,物理+化学
江西师范大学科学技术学院,202组：文理兼收/社科类 (通常含法学、外国语、教育等),2024,39698,见招生目录
赣南师范大学科技学院,201组：理工类核心专业 (通常含计算机、电子、自动化、经管等),2024,43420,物理+化学
赣南师范大学科技学院,202组：文理兼收/社科类 (通常含法学、外国语、教育等),2024,44254,见招生目录
南昌应用技术师范学院,201组：理工类核心专业 (通常含计算机、电子、自动化、经管等),2024,44286,物理+化学
南昌应用技术师范学院,202组：文理兼收/社科类 (通常含法学、外国语、教育等),2024,40813,见招生目录
江西财经大学现代经济管理学院,201组：理工类核心专业 (通常含计算机、电子、自动化、经管等),2024,44275,物理+化学
江西财经大学现代经济管理学院,专业组:广202 (请在招生目录中核对具体方向),2024,45898,见招生目录
江西财经大学现代经济管理学院,203组：特色/医学/实验班/地方专项,2024,43834,见招生目录
阳光学院,201组：理工类核心专业 (通常含计算机、电子、自动化、经管等),2024,48679,物理+化学
厦门大学嘉庚学院,201组：理工类核心专业 (通常含计算机、电子、自动化、经管等),2024,43106,物理+化学
厦门大学嘉庚学院,202组：文理兼收/社科类 (通常含法学、外国语、教育等),2024,44543,见招生目录
福州大学至诚学院,201组：理工类核心专业 (通常含计算机、电子、自动化、经管等),2024,44152,物理+化学
福州大学至诚学院,202组：文理兼收/社科类 (通常含法学、外国语、教育等),2024,46277,见招生目录
集美大学诚毅学院,201组：理工类核心专业 (通常含计算机、电子、自动化、经管等),2024,44724,物理+化学
集美大学诚毅学院,202组：文理兼收/社科类 (通常含法学、外国语、教育等),2024,44039,见招生目录
福建师范大学协和学院,201组：理工类核心专业 (通常含计算机、电子、自动化、经管等),2024,43218,物理+化学
福建师范大学协和学院,202组：文理兼收/社科类 (通常含法学、外国语、教育等),2024,51892,见招生目录
郑州财经学院,201组：理工类核心专业 (通常含计算机、电子、自动化、经管等),2024,47666,物理+化学
信阳学院,201组：理工类核心专业 (通常含计算机、电子、自动化、经管等),2024,43150,物理+化学
兰州博文科技学院,专业组:院201 (请在招生目录中核对具体方向),2024,52618,见招生目录
北海艺术设计学院,201组：理工类核心专业 (通常含计算机、电子、自动化、经管等),2024,53069,物理+化学
山西晋中理工学院,201组：理工类核心专业 (通常含计算机、电子、自动化、经管等),2024,51125,物理+化学
河北工程大学科信学院,201组：理工类核心专业 (通常含计算机、电子、自动化、经管等),2024,47403,物理+化学
中国矿业大学徐海学院,201组：理工类核心专业 (通常含计算机、电子、自动化、经管等),2024,48613,物理+化学
考中国矿业大学徐海学院,202组：文理兼收/社科类 (通常含法学、外国语、教育等),2024,48726,见招生目录
重庆外语外事学院,201组：理工类核心专业 (通常含计算机、电子、自动化、经管等),2024,46034,物理+化学
重庆外语外事学院,202组：文理兼收/社科类 (通常含法学、外国语、教育等),2024,50027,见招生目录
育重庆对外经贸学院,201组：理工类核心专业 (通常含计算机、电子、自动化、经管等),2024,44300,物理+化学
重庆财经学院,201组：理工类核心专业 (通常含计算机、电子、自动化、经管等),2024,43737,物理+化学
石家庄铁道大学四方学院,201组：理工类核心专业 (通常含计算机、电子、自动化、经管等),2024,49539,物理+化学
教河北地质大学华信学院,201组：理工类核心专业 (通常含计算机、电子、自动化、经管等),2024,52490,物理+化学
河北地质大学华信学院,202组：文理兼收/社科类 (通常含法学、外国语、教育等),2024,51801,见招生目录
山西科技学院,201组：理工类核心专业 (通常含计算机、电子、自动化、经管等),2024,40820,物理+化学
省长春电子科技学院,201组：理工类核心专业 (通常含计算机、电子、自动化、经管等),2024,59963,物理+化学
长春财经学院,201组：理工类核心专业 (通常含计算机、电子、自动化、经管等),2024,61202,物理+化学
蚌埠工商学院,201组：理工类核心专业 (通常含计算机、电子、自动化、经管等),2024,50444,物理+化学
马鞍山学院,201组：理工类核心专业 (通常含计算机、电子、自动化、经管等),2024,63686,物理+化学
合肥城市学院,201组：理工类核心专业 (通常含计算机、电子、自动化、经管等),2024,58657,物理+化学
吉林师范大学博达学院,专业组:育201 (请在招生目录中核对具体方向),2024,61589,见招生目录
吉林师范大学博达学院,202组：文理兼收/社科类 (通常含法学、外国语、教育等),2024,58735,见招生目录
吉林师范大学博达学院,203组：特色/医学/实验班/地方专项,2024,47623,见招生目录
昆明文理学院,专业组:教201 (请在招生目录中核对具体方向),2024,50995,见招生目录
昆明文理学院,202组：文理兼收/社科类 (通常含法学、外国语、教育等),2024,55002,见招生目录
省重庆移通学院,201组：理工类核心专业 (通常含计算机、电子、自动化、经管等),2024,50062,物理+化学
新疆政法学院,201组：理工类核心专业 (通常含计算机、电子、自动化、经管等),2024,44450,物理+化学
上海视觉艺术学院,201组：理工类核心专业 (通常含计算机、电子、自动化、经管等),2024,36480,物理+化学
武汉学院,201组：理工类核心专业 (通常含计算机、电子、自动化、经管等),2024,47820,物理+化学
广长沙理工大学城南学院,201组：理工类核心专业 (通常含计算机、电子、自动化、经管等),2024,44142,物理+化学
柳州工学院,201组：理工类核心专业 (通常含计算机、电子、自动化、经管等),2024,53348,物理+化学
广西民族大学相思湖学院,201组：理工类核心专业 (通常含计算机、电子、自动化、经管等),2024,46244,物理+化学
桂林学院,201组：理工类核心专业 (通常含计算机、电子、自动化、经管等),2024,46585,物理+化学
桂林学院,202组：文理兼收/社科类 (通常含法学、外国语、教育等),2024,44007,见招生目录
桂林信息科技学院,201组：理工类核心专业 (通常含计算机、电子、自动化、经管等),2024,59122,物理+化学
桂林信息科技学院,202组：文理兼收/社科类 (通常含法学、外国语、教育等),2024,63446,见招生目录
南宁理工学院,201组：理工类核心专业 (通常含计算机、电子、自动化、经管等),2024,50908,物理+化学
贵阳信息科技学院,201组：理工类核心专业 (通常含计算机、电子、自动化、经管等),2024,49201,物理+化学
贵阳人文科技学院,201组：理工类核心专业 (通常含计算机、电子、自动化、经管等),2024,47206,物理+化学
南京理工大学紫金学院,201组：理工类核心专业 (通常含计算机、电子、自动化、经管等),2024,45591,物理+化学
南京航空航天大学金城学院,专业组:广201 (请在招生目录中核对具体方向),2024,50906,见招生目录
广州华立学院(国际班),专业组:207 (请在招生目录中核对具体方向),2024,96256,见招生目录
广州华立学院,专业组:208 (请在招生目录中核对具体方向),2024,96249,见招生目录
广州华立学院,专业组:209 (请在招生目录中核对具体方向),2024,96247,见招生目录
广州应用科技学院,201组：理工类核心专业 (通常含计算机、电子、自动化、经管等),2024,73119,物理+化学
广州应用科技学院,202组：文理兼收/社科类 (通常含法学、外国语、教育等),2024,73875,见招生目录
广州应用科技学院,专业组:209 (请在招生目录中核对具体方向),2024,80387,见招生目录
广州应用科技学院,专业组:210 (请在招生目录中核对具体方向),2024,90679,见招生目录
广州应用科技学院,专业组:211 (请在招生目录中核对具体方向),2024,96262,见招生目录
广州应用科技学院,专业组:212 (请在招生目录中核对具体方向),2024,95450,见招生目录
广州应用科技学院,专业组:213 (请在招生目录中核对具体方向),2024,91628,见招生目录
广州应用科技学院(联合培养),专业组:226 (请在招生目录中核对具体方向),2024,96203,见招生目录
广州应用科技学院(联合培养),专业组:227 (请在招生目录中核对具体方向),2024,95225,见招生目录
广州应用科技学院(联合培养),专业组:院228 (请在招生目录中核对具体方向),2024,94389,见招生目录
广州应用科技学院(联合培养),专业组:229 (请在招生目录中核对具体方向),2024,96192,见招生目录
天津外国语大学滨海外事学院,201组：理工类核心专业 (通常含计算机、电子、自动化、经管等),2024,48594,物理+化学
天津商业大学宝德学院,202组：文理兼收/社科类 (通常含法学、外国语、教育等),2024,45407,见招生目录
天津商业大学宝德学院,203组：特色/医学/实验班/地方专项,2024,71251,见招生目录
考天津商业大学宝德学院,204组：特色/医学/实验班/地方专项,2024,50302,见招生目录
天津医科大学临床医学院,201组：理工类核心专业 (通常含计算机、电子、自动化、经管等),2024,46200,物理+化学
天津医科大学临床医学院,202组：文理兼收/社科类 (通常含法学、外国语、教育等),2024,92740,见招生目录
育长春人文学院,201组：理工类核心专业 (通常含计算机、电子、自动化、经管等),2024,56458,物理+化学
电子科技大学成都学院,201组：理工类核心专业 (通常含计算机、电子、自动化、经管等),2024,47883,物理+化学
电子科技大学成都学院,202组：文理兼收/社科类 (通常含法学、外国语、教育等),2024,50369,见招生目录
教武汉华夏理工学院,201组：理工类核心专业 (通常含计算机、电子、自动化、经管等),2024,55049,物理+化学
广州商学院,201组：理工类核心专业 (通常含计算机、电子、自动化、经管等),2024,68111,物理+化学
广州商学院(中外合作办学/联合培养),202组：文理兼收/社科类 (通常含法学、外国语、教育等),2024,89473,见招生目录
省广州商学院,203组：特色/医学/实验班/地方专项,2024,79135,见招生目录
成都理工大学工程技术学院,201组：理工类核心专业 (通常含计算机、电子、自动化、经管等),2024,48914,物理+化学
四川传媒学院,201组：理工类核心专业 (通常含计算机、电子、自动化、经管等),2024,63547,物理+化学
成都银杏酒店管理学院,201组：理工类核心专业 (通常含计算机、电子、自动化、经管等),2024,55834,物理+化学
成都外国语学院,201组：理工类核心专业 (通常含计算机、电子、自动化、经管等),2024,52960,物理+化学
西安工商学院,专业组:育201 (请在招生目录中核对具体方向),2024,49965,见招生目录
珠海科技学院,专业组:207 (请在招生目录中核对具体方向),2024,47648,见招生目录
武汉传媒学院,201组：理工类核心专业 (通常含计算机、电子、自动化、经管等),2024,48964,物理+化学
武汉传媒学院,专业组:教213 (请在招生目录中核对具体方向),2024,68681,见招生目录
南京传媒学院,201组：理工类核心专业 (通常含计算机、电子、自动化、经管等),2024,60551,物理+化学
省广州工商学院,201组：理工类核心专业 (通常含计算机、电子、自动化、经管等),2024,96208,物理+化学
广州工商学院,202组：文理兼收/社科类 (通常含法学、外国语、教育等),2024,95672,见招生目录
广州工商学院,专业组:205 (请在招生目录中核对具体方向),2024,96161,见招生目录
广广州工商学院,专业组:206 (请在招生目录中核对具体方向),2024,93512,见招生目录
广州科技职业技术大学,201组：理工类核心专业 (通常含计算机、电子、自动化、经管等),2024,85702,物理+化学
广州科技职业技术大学(校企联合培养),专业组:209 (请在招生目录中核对具体方向),2024,91782,见招生目录
广东科技学院,201组：理工类核心专业 (通常含计算机、电子、自动化、经管等),2024,96257,物理+化学
广东科技学院(联合培养),204组：特色/医学/实验班/地方专项,2024,96021,见招生目录
广东科技学院(联合培养),专业组:208 (请在招生目录中核对具体方向),2024,96216,见招生目录
广东科技学院(国际班),专业组:216 (请在招生目录中核对具体方向),2024,96253,见招生目录
广东理工学院,专业组:205 (请在招生目录中核对具体方向),2024,96251,见招生目录
广东工商职业技术大学,专业组:209 (请在招生目录中核对具体方向),2024,96265,见招生目录
广东工商职业技术大学,专业组:210 (请在招生目录中核对具体方向),2024,96259,见招生目录
黑河学院,201组：理工类核心专业 (通常含计算机、电子、自动化、经管等),2024,44005,物理+化学
黑河学院,专业组:广202 (请在招生目录中核对具体方向),2024,44432,见招生目录
福州外语外贸学院,201组：理工类核心专业 (通常含计算机、电子、自动化、经管等),2024,45483,物理+化学
福建江夏学院,201组：理工类核心专业 (通常含计算机、电子、自动化、经管等),2024,33024,物理+化学
泉州信息工程学院,201组：理工类核心专业 (通常含计算机、电子、自动化、经管等),2024,58040,物理+化学
豫章师范学院,201组：理工类核心专业 (通常含计算机、电子、自动化、经管等),2024,41226,物理+化学
豫章师范学院,202组：文理兼收/社科类 (通常含法学、外国语、教育等),2024,41471,见招生目录
豫章师范学院,203组：特色/医学/实验班/地方专项,2024,35538,见招生目录
江西软件职业技术大学,201组：理工类核心专业 (通常含计算机、电子、自动化、经管等),2024,56730,物理+化学
江西软件职业技术大学,202组：文理兼收/社科类 (通常含法学、外国语、教育等),2024,55789,见招生目录
长沙师范学院,201组：理工类核心专业 (通常含计算机、电子、自动化、经管等),2024,36553,物理+化学
湖南应用技术学院,201组：理工类核心专业 (通常含计算机、电子、自动化、经管等),2024,44000,物理+化学
湖南应用技术学院,202组：文理兼收/社科类 (通常含法学、外国语、教育等),2024,43355,见招生目录
肇庆医学院(原肇庆医学高等专科学校),202组：文理兼收/社科类 (通常含法学、外国语、教育等),2024,78371,见招生目录
琼台师范学院,专业组:院201 (请在招生目录中核对具体方向),2024,38657,见招生目录
琼台师范学院,202组：文理兼收/社科类 (通常含法学、外国语、教育等),2024,36815,见招生目录
四川工业科技学院,201组：理工类核心专业 (通常含计算机、电子、自动化、经管等),2024,47108,物理+化学
南京师范大学泰州学院,201组：理工类核心专业 (通常含计算机、电子、自动化、经管等),2024,46355,物理+化学
南京师范大学泰州学院,202组：文理兼收/社科类 (通常含法学、外国语、教育等),2024,49094,见招生目录
考东莞城市学院,专业组:208 (请在招生目录中核对具体方向),2024,82646,见招生目录
东莞城市学院,专业组:209 (请在招生目录中核对具体方向),2024,85383,见招生目录
东莞城市学院(联合培养),专业组:211 (请在招生目录中核对具体方向),2024,94888,见招生目录
育三亚学院,201组：理工类核心专业 (通常含计算机、电子、自动化、经管等),2024,68437,物理+化学
三亚学院,202组：文理兼收/社科类 (通常含法学、外国语、教育等),2024,56784,见招生目录
三亚学院,203组：特色/医学/实验班/地方专项,2024,67296,见招生目录
教三亚学院(中外合作办学),204组：特色/医学/实验班/地方专项,2024,54254,见招生目录
三亚学院,专业组:205 (请在招生目录中核对具体方向),2024,54402,见招生目录
三亚学院,专业组:213 (请在招生目录中核对具体方向),2024,54757,见招生目录
省上海师范大学天华学院,201组：理工类核心专业 (通常含计算机、电子、自动化、经管等),2024,66950,物理+化学
西安明德理工学院,201组：理工类核心专业 (通常含计算机、电子、自动化、经管等),2024,62998,物理+化学
天津理工大学中环信息学院,201组：理工类核心专业 (通常含计算机、电子、自动化、经管等),2024,50785,物理+化学
北京科技大学天津学院,201组：理工类核心专业 (通常含计算机、电子、自动化、经管等),2024,48056,物理+化学
北京科技大学天津学院,202组：文理兼收/社科类 (通常含法学、外国语、教育等),2024,50405,见招生目录
北京中医药大学东方学院,专业组:育201 (请在招生目录中核对具体方向),2024,50938,见招生目录
北京中医药大学东方学院,202组：文理兼收/社科类 (通常含法学、外国语、教育等),2024,44073,见招生目录
北京邮电大学世纪学院,201组：理工类核心专业 (通常含计算机、电子、自动化、经管等),2024,55486,物理+化学
广州新华学院,专业组:教201 (请在招生目录中核对具体方向),2024,54286,见招生目录
广州新华学院,202组：文理兼收/社科类 (通常含法学、外国语、教育等),2024,55042,见招生目录
省成都锦城学院,专业组:211 (请在招生目录中核对具体方向),2024,46722,见招生目录
成都锦城学院,专业组:213 (请在招生目录中核对具体方向),2024,63744,见招生目录
南京师范大学中北学院,201组：理工类核心专业 (通常含计算机、电子、自动化、经管等),2024,45230,物理+化学
广西城市职业大学,201组：理工类核心专业 (通常含计算机、电子、自动化、经管等),2024,65783,物理+化学
广湖南交通工程学院,201组：理工类核心专业 (通常含计算机、电子、自动化、经管等),2024,61343,物理+化学
湖南交通工程学院,202组：文理兼收/社科类 (通常含法学、外国语、教育等),2024,93196,见招生目录
南京医科大学康达学院,201组：理工类核心专业 (通常含计算机、电子、自动化、经管等),2024,50467,物理+化学
南京医科大学康达学院,202组：文理兼收/社科类 (通常含法学、外国语、教育等),2024,53505,见招生目录
南京医科大学康达学院,203组：特色/医学/实验班/地方专项,2024,43796,见招生目录
无锡学院,201组：理工类核心专业 (通常含计算机、电子、自动化、经管等),2024,29390,物理+化学
苏州城市学院,203组：特色/医学/实验班/地方专项,2024,34198,见招生目录
苏州大学应用技术学院,201组：理工类核心专业 (通常含计算机、电子、自动化、经管等),2024,50773,物理+化学
江苏大学京江学院,201组：理工类核心专业 (通常含计算机、电子、自动化、经管等),2024,50283,物理+化学
扬州大学广陵学院,201组：理工类核心专业 (通常含计算机、电子、自动化、经管等),2024,53512,物理+化学
扬州大学广陵学院,202组：文理兼收/社科类 (通常含法学、外国语、教育等),2024,48844,见招生目录
江苏师范大学科文学院,专业组:广201 (请在招生目录中核对具体方向),2024,49858,见招生目录
江苏师范大学科文学院,202组：文理兼收/社科类 (通常含法学、外国语、教育等),2024,50258,见招生目录
江苏师范大学科文学院,专业组:207 (请在招生目录中核对具体方向),2024,63058,见招生目录
南京财经大学红山学院,201组：理工类核心专业 (通常含计算机、电子、自动化、经管等),2024,50096,物理+化学
江苏科技大学苏州理工学院,201组：理工类核心专业 (通常含计算机、电子、自动化、经管等),2024,47345,物理+化学
常州大学怀德学院,201组：理工类核心专业 (通常含计算机、电子、自动化、经管等),2024,58720,物理+化学
南京审计大学金审学院,201组：理工类核心专业 (通常含计算机、电子、自动化、经管等),2024,49317,物理+化学
青岛工学院,201组：理工类核心专业 (通常含计算机、电子、自动化、经管等),2024,54403,物理+化学
青岛工学院,202组：文理兼收/社科类 (通常含法学、外国语、教育等),2024,52285,见招生目录
齐鲁理工学院,201组：理工类核心专业 (通常含计算机、电子、自动化、经管等),2024,53787,物理+化学
聊城大学东昌学院,201组：理工类核心专业 (通常含计算机、电子、自动化、经管等),2024,47417,物理+化学
西南财经大学天府学院,201组：理工类核心专业 (通常含计算机、电子、自动化、经管等),2024,48686,物理+化学
天津仁爱学院,201组：理工类核心专业 (通常含计算机、电子、自动化、经管等),2024,53529,物理+化学
天津仁爱学院,专业组:院202 (请在招生目录中核对具体方向),2024,53071,见招生目录
天津仁爱学院,203组：特色/医学/实验班/地方专项,2024,50474,见招生目录
四川大学锦江学院,201组：理工类核心专业 (通常含计算机、电子、自动化、经管等),2024,49334,物理+化学
西安科技大学高新学院(国际班),专业组:205 (请在招生目录中核对具体方向),2024,82164,见招生目录
四川文化艺术学院,201组：理工类核心专业 (通常含计算机、电子、自动化、经管等),2024,72444,物理+化学
考福建农林大学金山学院(中外合作办学),201组：理工类核心专业 (通常含计算机、电子、自动化、经管等),2024,55060,物理+化学
天津财经大学珠江学院,201组：理工类核心专业 (通常含计算机、电子、自动化、经管等),2024,50677,物理+化学
合肥师范学院,201组：理工类核心专业 (通常含计算机、电子、自动化、经管等),2024,42514,物理+化学
育合肥师范学院,202组：文理兼收/社科类 (通常含法学、外国语、教育等),2024,44962,见招生目录
湖北第二师范学院,201组：理工类核心专业 (通常含计算机、电子、自动化、经管等),2024,30743,物理+化学
湖北第二师范学院(中外合作办学),202组：文理兼收/社科类 (通常含法学、外国语、教育等),2024,47454,见招生目录
教民政职业大学,201组：理工类核心专业 (通常含计算机、电子、自动化、经管等),2024,35491,物理+化学
宿迁学院,201组：理工类核心专业 (通常含计算机、电子、自动化、经管等),2024,41393,物理+化学
海南科技职业大学,201组：理工类核心专业 (通常含计算机、电子、自动化、经管等),2024,64562,物理+化学
省沧州交通学院,201组：理工类核心专业 (通常含计算机、电子、自动化、经管等),2024,59777,物理+化学
沧州交通学院,202组：文理兼收/社科类 (通常含法学、外国语、教育等),2024,55402,见招生目录
上海财经大学浙江学院,201组：理工类核心专业 (通常含计算机、电子、自动化、经管等),2024,47058,物理+化学
贵州师范学院,201组：理工类核心专业 (通常含计算机、电子、自动化、经管等),2024,38912,物理+化学
河北东方学院,201组：理工类核心专业 (通常含计算机、电子、自动化、经管等),2024,53626,物理+化学
河北东方学院,专业组:育202 (请在招生目录中核对具体方向),2024,47111,见招生目录
运城职业技术大学,201组：理工类核心专业 (通常含计算机、电子、自动化、经管等),2024,48326,物理+化学
运城职业技术大学,202组：文理兼收/社科类 (通常含法学、外国语、教育等),2024,44281,见招生目录
广东第二师范学院,专业组:教211 (请在招生目录中核对具体方向),2024,32302,见招生目录
广东第二师范学院,专业组:212 (请在招生目录中核对具体方向),2024,24752,见招生目录
省广东第二师范学院,专业组:214 (请在招生目录中核对具体方向),2024,19757,见招生目录
广东第二师范学院,专业组:216 (请在招生目录中核对具体方向),2024,41234,见招生目录
广东第二师范学院(学分互认),专业组:229 (请在招生目录中核对具体方向),2024,46306,见招生目录
广东第二师范学院(学分互认),专业组:230 (请在招生目录中核对具体方向),2024,43572,见招生目录
广青岛电影学院,201组：理工类核心专业 (通常含计算机、电子、自动化、经管等),2024,94406,物理+化学
成都师范学院,201组：理工类核心专业 (通常含计算机、电子、自动化、经管等),2024,29969,物理+化学
四川电影电视学院,201组：理工类核心专业 (通常含计算机、电子、自动化、经管等),2024,52077,物理+化学
山西传媒学院,201组：理工类核心专业 (通常含计算机、电子、自动化、经管等),2024,44616,物理+化学
南昌师范学院,201组：理工类核心专业 (通常含计算机、电子、自动化、经管等),2024,38933,物理+化学
南昌师范学院,202组：文理兼收/社科类 (通常含法学、外国语、教育等),2024,34326,见招生目录
中国社会科学院大学,201组：理工类核心专业 (通常含计算机、电子、自动化、经管等),2024,3318,物理+化学
中国社会科学院大学,202组：文理兼收/社科类 (通常含法学、外国语、教育等),2024,3169,见招生目录
滇西应用技术大学,201组：理工类核心专业 (通常含计算机、电子、自动化、经管等),2024,43402,物理+化学
郑州西亚斯学院(中外合作办学),201组：理工类核心专业 (通常含计算机、电子、自动化、经管等),2024,69000,物理+化学
郑州西亚斯学院(中外合作办学),202组：文理兼收/社科类 (通常含法学、外国语、教育等),2024,77301,见招生目录
深圳技术大学,专业组:广204 (请在招生目录中核对具体方向),2024,17317,见招生目录
河北科技工程职业技术大学,201组：理工类核心专业 (通常含计算机、电子、自动化、经管等),2024,44561,物理+化学
广西农业职业技术大学,201组：理工类核心专业 (通常含计算机、电子、自动化、经管等),2024,43477,物理+化学
贵阳康养职业大学,201组：理工类核心专业 (通常含计算机、电子、自动化、经管等),2024,44017,物理+化学
宁波诺丁汉大学,201组：理工类核心专业 (通常含计算机、电子、自动化、经管等),2024,10902,物理+化学
宁波诺丁汉大学,202组：文理兼收/社科类 (通常含法学、外国语、教育等),2024,7901,见招生目录
西交利物浦大学,201组：理工类核心专业 (通常含计算机、电子、自动化、经管等),2024,4392,物理+化学
北京师范大学-香港浸会大学联合国际学,专业组:院 201 (请在招生目录中核对具体方向),2024,8769,见招生目录
温州肯恩大学,201组：理工类核心专业 (通常含计算机、电子、自动化、经管等),2024,21642,物理+化学
深圳北理莫斯科大学,204组：特色/医学/实验班/地方专项,2024,12747,见招生目录
哈尔滨工业大学(深圳),201组：理工类核心专业 (通常含计算机、电子、自动化、经管等),2024,1916,物理+化学
北京大学医学部,201组：理工类核心专业 (通常含计算机、电子、自动化、经管等),2024,111,物理+化学
中国人民大学(苏州校区)(中外合作办学,) 201组：高收费/中外合作办学专业,2024,1176,见招生目录
北京交通大学(威海校区)(中外合作办学,院) 201组：高收费/中外合作办学专业,2024,7785,见招生目录
北京师范大学(珠海校区),201组：理工类核心专业 (通常含计算机、电子、自动化、经管等),2024,1109,物理+化学
东北大学秦皇岛分校,201组：理工类核心专业 (通常含计算机、电子、自动化、经管等),2024,4918,物理+化学
合肥工业大学(宣城校区),201组：理工类核心专业 (通常含计算机、电子、自动化、经管等),2024,8521,物理+化学
合肥工业大学(宣城校区),202组：文理兼收/社科类 (通常含法学、外国语、教育等),2024,9380,见招生目录
考山东大学威海分校,201组：理工类核心专业 (通常含计算机、电子、自动化、经管等),2024,3275,物理+化学
西南大学(荣昌校区),201组：理工类核心专业 (通常含计算机、电子、自动化、经管等),2024,7134,物理+化学
江西飞行学院,201组：理工类核心专业 (通常含计算机、电子、自动化、经管等),2024,43869,物理+化学
育河北环境工程学院,201组：理工类核心专业 (通常含计算机、电子、自动化、经管等),2024,44418,物理+化学
汕头大学医学院,专业组:221 (请在招生目录中核对具体方向),2024,65272,见招生目录
华南师范大学(汕尾校区),201组：理工类核心专业 (通常含计算机、电子、自动化、经管等),2024,9821,物理+化学
教广东工业大学(揭阳校区),专业组:251 (请在招生目录中核对具体方向),2024,26551,见招生目录
广东技术师范大学(河源校区),203组：特色/医学/实验班/地方专项,2024,27590,见招生目录
香港珠海学院,201组：理工类核心专业 (通常含计算机、电子、自动化、经管等),2024,46916,物理+化学
